"base_value_poisson","bic_poisson"
58.2921929362334,679.065023907136
106.196865997275,1946.02453211705
80.3315981881112,1122.298572173
65.8904492519086,754.74790615343
104.155026128266,2328.15743937083
71.3109327903267,917.566776660845
52.1570204946571,593.115549510497
24.0359063052007,261.009824607539
81.6481464248873,783.754077150315
31.4529337797436,303.291202897672
70.0779089604116,1001.27468805799
100.07454261112,1624.53735980686
76.7735128885906,1422.93938384502
44.270490791535,393.065589841692
76.3067983341532,1651.89778833854
57.6493925667591,1082.91720589913
69.316822207181,825.639322246755
37.9630141324186,325.499134809321
33.4140924451515,307.018038669922
85.8981246026159,1405.61308273635
57.3576949055254,579.886667845343
48.7888569132317,748.977119891417
46.9945943739799,393.40890661086
84.8344506305506,1186.04268743977
43.5875388156319,434.979624204896
27.5901458741569,238.099967366128
66.3549580822958,775.036295056467
47.0030489228164,649.508132761857
76.3018763242963,1264.28407218005
69.8420839303452,865.831367083219
58.011392861264,533.765726961795
37.2845867303523,368.963796798516
62.1583047876536,759.729226863567
62.1740282513461,728.451333939862
93.5437530065516,1816.68103279384
46.9548655327805,584.910748690633
65.1913029275718,616.977937052322
96.7758342398696,2309.24592978068
57.2942878801224,563.360549337177
38.4862824992457,369.513015455847
77.5451221498642,935.423096884506
47.5405427284027,545.114080925593
58.5463218472598,619.913227954774
70.3559335760515,790.916873835474
84.384770322123,1354.89239758602
58.8981453025979,562.462001536555
79.8714309636117,1517.7840608745
62.1807924056615,633.416336519779
52.3277980932565,568.651556934062
77.9155035189562,1352.62286100049
66.4111263223847,1258.90794310383
33.4246350734609,385.240277720096
79.3546745178931,1119.42829279798
39.2153819884589,385.760375890488
76.9454342910641,1125.04127022346
49.2640243639769,499.054600254964
71.324072581346,1054.6493248235
34.6757696552013,304.454184838031
75.674784431883,1381.76384764454
40.8184126452445,394.21526815154
42.1887251416777,515.879873237014
54.5722167395791,834.785540636252
35.0175656651131,298.168997805757
72.2700489333336,933.971867675079
40.095461337438,346.834831897779
42.983531741333,436.247795129472
70.2438330489917,1015.87193315974
40.039765084729,390.736529241961
40.7025079049033,419.740674212608
57.7322165564348,516.838495159979
92.5640279973892,1110.04004062296
56.6283769023774,597.845027606199
56.3869010247959,656.793298386274
29.2054611034796,339.185982422969
113.316627318821,2237.36010339277
45.1406790626953,427.75068876464
57.1716822811746,587.976253817577
107.143954902424,1823.29788404434
100.268441293051,1366.8033208402
29.4809374855242,374.202862331046
37.856897391569,347.311423317694
84.9361962632114,1179.55805272901
51.4954674608786,607.319817541571
53.0285170173244,463.430865100491
25.9463783077898,239.84281960949
62.7122407540876,1407.08744844799
98.9470665662719,2210.47149352183
63.6137046250968,976.409921081722
96.6556725375205,1794.0095538013
117.950445706585,1729.94742306873
48.4904426964429,557.4807499296
51.7615167968574,452.655933650252
56.1112298805151,557.163599913275
59.8939389959348,831.965003184092
60.1540113455737,784.705424314947
74.9900853384246,1700.85481202455
66.7383546270683,907.050510631032
92.0357060692005,1507.94868845261
37.0922472116913,507.826158004043
49.9371602904251,453.159820765886
52.5966917765426,775.164969055721
82.8531575358639,1003.11974135254
61.3692669749684,521.382942589817
53.3027029438246,509.828474446487
48.919467090195,430.718543556034
65.3748710807302,876.080507970386
48.8840164175345,628.956422740178
77.6759491408761,979.485596395228
97.1855048027407,1731.76451503111
40.0716353321957,421.519274229521
71.7021265483293,1069.53744616028
89.1514785487986,1367.24938600884
65.1203102955414,801.8604650004
59.4437709568261,1022.78352657921
98.5741540497129,2148.28867283845
62.7158642371628,836.173754865884
29.3944660340523,267.974467030136
73.8395606211007,949.20990037666
45.8439994914035,467.642696772484
96.381702724106,1995.70688377887
0,0
68.5457523946472,811.657168228465
60.5623751517632,685.395523714024
61.7313214000021,611.535983344437
77.6120654602128,1068.26991309403
47.3713408557302,472.382932553316
62.4034646269964,542.088322361182
48.1312267167371,475.143942515834
74.7640227956192,1032.50225363955
123.013793273217,1776.38504160687
41.0665144440325,442.039953269847
53.7073979504498,571.960574377306
51.5085858219536,490.106589285635
76.1240833712835,1281.18766556044
70.7446985932275,831.842298519255
65.3693110116859,687.21243502031
47.5949653132356,416.285243873597
92.3118337665672,2394.37515886322
58.696032738446,651.238988758104
44.6803770069622,435.66291562053
79.5914235997387,1629.87017447768
75.2474347234937,790.70284605998
101.99199875423,1300.76502634137
79.772250833344,1115.01928813938
98.6888214111022,1654.27186116187
101.95691815902,2034.63318991786
76.2059387026032,1037.97182722141
68.1828018845436,800.999924967877
50.222473932757,381.724050927605
90.448233810216,1728.23592538632
92.8205515170563,1381.63629318684
72.80750061856,797.720183831539
67.1711930442607,1030.73419515234
105.17137412026,2511.25504068892
48.2437046247643,639.320836050059
71.5656656110927,900.716978745404
90.8625489447476,1002.14241991149
68.7810656799958,1036.59571438508
75.7378065073338,1502.55306109741
67.2007424215078,1009.20896453586
84.4529054847324,1298.15427264301
54.9540734231431,445.318489271973
81.6380991207947,1167.08980729828
48.7608458641484,583.108308188394
47.4059435363557,467.714482489382
46.3275272854939,439.530868861374
64.5116278180367,771.624840364288
52.8385412295574,571.617126923627
80.1358549591207,1105.91441911015
77.8620537510204,1397.24598647837
64.6057949990496,657.62215344611
41.4653903521669,597.046160031841
45.5808815846143,486.013864078797
37.8689368942874,310.365628353676
42.83219633151,349.039841857248
57.3075300961577,665.642320599623
50.5632181173997,500.885699979893
63.3859076033846,847.861420823314
81.6112920204367,1932.25641406785
34.1363995512312,479.72092063218
63.3515593089314,750.439200438669
69.6946156481158,1244.62682568716
86.2728885113958,1356.97209114117
62.9657471674081,714.845762949735
57.0523353896806,738.127603936235
99.6068822885256,1793.48360576279
110.659858467854,1509.65207257157
29.6392287318827,267.404287346445
54.4996303444571,472.04022510465
60.0486188648559,580.019322779748
69.9725323039187,1166.83766052941
75.3758090969373,1164.64464918071
97.1965478779271,1683.59789201915
66.569345222484,942.293940628278
45.4408102329395,502.707685608055
56.9407619990343,749.30931223581
30.5539844791878,345.53906723511
61.4413420970887,883.365301195503
66.5142379786423,960.793416916785
54.3463823070721,560.380776289976
56.9513879287227,834.771490789864
63.604466838701,863.121755952123
72.39717177743,1148.53542020589
39.1180403713759,354.883347486788
49.9260422984928,566.313500201808
50.0781252089168,537.735898021833
84.99860752455,1726.1148123763
75.1538430612312,795.542747063454
38.1136450834935,372.006519804932
84.0901838751297,1276.37770144367
90.0985316449918,1331.74901656177
49.3187641383211,478.338134162905
47.9398310840107,523.077699767915
83.6987819288392,1094.22725654732
75.0191720977844,1298.9503119759
60.334330685376,657.428335941911
63.9660536019517,862.578225932524
35.3167578344227,314.559270961918
64.4422171616468,656.815792176538
119.400026968608,3047.21370500547
52.9663143156307,557.985061335138
40.8519322897526,409.710122723125
59.5561238724157,631.144260340862
70.398161086437,779.402751506182
54.2038063778079,577.683313591945
37.1637758542295,326.869719175254
35.4127230523895,339.0302501888
40.4328964428011,347.751306529233
78.1532058463506,905.188835674914
85.2660730604117,1861.18726203184
52.4208758240352,595.51280377903
27.703503244823,230.583735421032
54.9461974494296,554.446423164077
32.8237518611358,258.827304232702
77.7388988145449,1030.58952966689
57.4438603366909,621.227362109123
48.0231504115049,448.147870488627
59.3284127542705,696.011596961022
51.531075559883,642.207187617711
115.986190396084,2474.27783915974
51.6574719617351,480.320242655286
57.4489173580126,692.668127850625
91.6694793763995,2101.29380216156
40.446569535305,364.42354983428
83.8793215408455,1373.67374221482
78.1975630839617,1319.20400898549
62.1429226686377,684.637406089696
45.4331779135732,511.883552894726
66.8886381291926,726.69517518858
66.1319032004116,950.013035813203
74.2708919830849,893.680226383417
63.7600373644265,762.08502685564
70.1595375133627,822.098229372211
58.2905141409278,825.236402529506
50.0456727214161,476.886189318034
103.942204789165,2060.53689010042
132.870428973154,3835.09265158601
85.0232049016848,1880.51510453137
57.9156620580464,1101.41510028304
57.3078013623536,553.603555301303
59.9783267498784,795.864361149802
71.8432781892311,888.574033962489
87.7659875822382,1748.2199310136
57.7721408292835,532.510441011115
45.0543846429704,485.779260099879
44.415162615939,415.009621732532
61.8531962446165,678.709583248041
85.5708711293636,1166.21264589716
61.9238035094982,686.155083239259
94.0598521609137,1898.52208498187
83.1955311121372,1118.47048995577
78.8100346179652,984.063001515283
74.6310052545304,755.794040409259
80.4288374933111,878.173843735235
111.174078133522,2036.59833076604
62.2217646139567,656.394580323523
36.3591185268179,346.564066329318
49.6889450124837,542.698442207974
57.2243512474564,524.917398508149
112.063205301065,2699.07328181904
72.0065283899885,1199.01283269048
54.1568731425687,646.486931982497
57.9281700077052,705.275102205241
37.3331234101936,313.777303884419
62.3870761409629,710.78776537128
138.506155603805,3853.93477598378
111.075709292725,2384.35617370579
80.6321160504912,1785.31087006935
63.2321233665726,691.724096857766
72.8648896960269,1078.58451323615
55.5524346585529,668.491267471351
82.472297279283,1188.6232487058
51.6721908736264,539.270560020827
29.0847208421408,267.453669130356
81.9020824591421,841.101933848683
50.2633673626029,556.365938268337
96.1127160299717,1608.35659940118
40.0211923126751,403.232256544961
44.0288201197683,384.59725933514
31.7748953952606,267.621747650009
71.3824102354482,1250.61286959666
40.8170087805815,393.165748259784
64.2092706922165,808.372485465674
65.3412033281976,986.00761789556
73.0088899679465,1570.759816903
70.203395373846,747.355564073285
79.184686391212,941.381908895052
77.8664533656301,1360.67610871962
64.147187188932,579.918933901666
129.135803768765,2725.54548765643
66.7966817052712,892.668859115312
46.4922900286303,532.487528339755
64.4561765783882,772.925202395918
50.8677748596563,450.309501611598
46.3735114871413,437.813940915399
44.1674309208094,503.606527954988
44.7617072336499,575.647506972726
60.9116195610513,644.718407180408
48.7365968471443,525.219121299888
78.6157640345252,994.672493292437
44.720909901516,567.708713660303
74.0455100133276,922.591736704527
76.2285258777575,1749.93381578465
50.2917200110784,566.915408392773
83.2410852755769,1144.38342496725
37.7990727085104,387.117819565688
54.4053957476562,531.227754576655
62.8966811840238,1217.86408913421
62.1075883384757,726.060307054846
108.349908753335,1688.87913050921
80.3663849241098,1334.71480459804
54.616732894989,539.03744803938
77.9796769986603,1360.4879795584
67.5150937992354,733.191986028257
75.4752348336927,1012.54540081522
91.6291672558593,1313.65773594834
75.8508391704874,1028.8646414752
62.6776086433858,763.885316475832
97.5672820423333,1669.00425285605
46.34644841739,557.273718924152
42.1908388691196,495.704560442497
58.2924457466293,593.908442596607
35.7546119294859,299.754650390688
112.177207830636,2133.20829597129
88.1768448636136,1756.68178929388
11.8424298623133,144.794762069548
38.7686908458631,400.192236280704
47.6357180372387,579.678354528296
39.4496874908135,328.588232121991
79.4360607941064,928.241906451797
73.1878907375555,950.257354143756
113.020113223637,2207.74221268175
49.8344263609477,458.175453011768
68.8102637560336,920.541188736384
77.0528158775847,899.323160768958
40.6134907536206,446.448958698742
69.458126778058,583.447330138777
51.9898351563277,464.872840376447
144.684601151401,3086.90831516914
89.6566450658417,1227.23738729501
41.4685219691788,465.53746605348
69.7149146598046,988.035816232524
72.9437747071068,1404.65745124729
107.247165151787,1871.21297271548
125.515886170912,2545.00516139753
53.9364976611563,798.541287477174
95.782303793339,1879.80724687709
93.1403545996185,1281.41522331435
39.8723189683629,340.206905943967
78.7117941427903,1429.93473687378
45.5863400364803,462.129356503141
91.8556675726719,1585.9391675328
51.7538109494304,534.562730206834
70.3344126306797,960.45464171637
94.8051784270954,1666.17115448331
72.0086978268509,890.593008808885
58.4963206608173,549.07898203336
69.8276117530014,1134.2782444054
81.7134813369468,1632.49638745764
43.8950630370485,524.814217527319
35.6096780790878,303.056957341067
48.9010395221676,474.355032069009
53.1478113278084,651.375916699648
77.9036175255919,1061.61607778036
26.9055178341355,254.866706631355
74.5096881494682,1089.82775145955
75.928524202437,1000.40352144286
71.9414036461591,997.612413250325
99.3044264033838,1568.72362682581
41.1784409503586,428.834251903331
57.5790562056934,661.509378791025
38.7293105120482,456.819649544749
57.3645218829093,654.809596377522
61.1332968475042,829.841538032884
74.8132757218385,1185.42628188075
53.0454708392107,583.250522569038
50.8442301461872,693.532482941597
84.0927522453923,1199.25227429087
74.7060926826118,1164.65648572254
72.3128142118994,1427.50172201734
65.0355856289899,749.80042686446
76.6485450564073,955.483906660244
75.9380997881509,1330.30094902503
54.1773899821371,638.517504778536
91.3949964501111,1645.71502152254
73.1164870074886,1260.61816344378
99.4705785621085,1775.50230717047
50.2049126848011,515.884937071944
94.9281657190675,1152.45727194593
48.8881802088695,484.453528982702
95.5213698809604,1732.96616425504
117.58738406011,1883.48284258887
53.0743090955116,554.3893171804
63.3441968136839,661.023762307647
31.1471242462863,292.814418819859
43.4965352378552,510.150474494781
32.8533678471961,318.642983973549
0,0
51.1683676508999,604.963966716195
54.4756275403088,554.322204899893
58.8001716635677,967.379171099393
38.7618156321248,487.978051803311
45.3504350459387,478.58687837868
43.4234355010772,415.350453598732
44.2995610617168,396.910910061271
19.141355521272,196.084884459183
57.1458162358867,685.047933294632
99.3242736673064,1608.27236129167
61.1073871791422,818.127498569062
34.7401906336148,289.980028626495
71.6598379180596,945.345240183003
58.7292910776783,836.117731346644
61.6088090789978,801.0298094045
46.8340174965117,510.36655906116
39.7678052795162,395.980209975354
51.532254899101,531.458767608696
50.9408273780196,600.754530907438
57.0774197463134,785.314649830752
50.3172062811864,478.289070275583
90.2056221402047,1362.04314283583
84.5316956674773,1229.51057164592
59.0314986192328,565.140101806432
70.8187193244598,734.115593870552
71.0637218341253,669.988847446803
52.3380287186317,834.790117729059
71.61823394591,1251.98055434716
35.5632964774401,351.399700172596
60.0902997822725,550.173909454566
60.9561922762928,800.197004012744
54.562098185085,671.270906569617
42.0443009487857,414.69337369461
80.5269876294502,904.133399990022
106.79379923947,1553.20234067511
63.6263816163572,982.456322258078
84.5882436989091,1143.8002310622
33.5038350765186,291.215938499284
40.6468596345661,345.711653612336
62.6123020174699,588.811150166366
70.9893865432778,957.777628370549
50.278945022273,697.501150869265
100.633313687246,1328.35053025523
60.2158276316592,648.946502900359
50.6193027431008,513.450139785777
89.7481527662977,1517.39698157494
97.4508158655083,1522.94216830231
56.8424164683863,874.741701142296
19.165356399887,187.87658133933
81.9645727178492,1213.80685764657
92.0174136840331,1219.16195384488
41.5338805835904,380.281718555817
77.3468368974547,1225.50169694989
51.8458822244121,567.395283546655
49.5578870947983,476.662217109836
107.077113087577,1501.23082896703
25.795816976211,243.630582750075
83.3550326429375,1428.9262663163
63.8972310936148,738.121643080042
55.0899745949824,544.59750657695
33.9421919856014,353.866464575232
48.1507967924245,569.813402598644
51.8770338553059,537.372279057298
85.8587028744407,1563.00861994433
64.7503776790418,1046.59766634395
57.4312381175691,753.268034185646
43.4465895801588,433.262708341459
90.3178332164398,2066.53360045116
52.6727860573151,498.674901631275
60.6080175896576,690.329135263623
98.1053564662302,1594.96793392074
58.457940139223,744.997821919712
66.7751070991695,645.203398519889
63.8544790345832,1015.78974180562
53.7438254987033,733.656512261622
65.6697444612659,781.320113340382
59.881709142721,604.757406706437
59.0103791703115,663.258642300621
84.951790468247,972.487338099464
106.335620591713,1739.21615657555
94.5775184128375,2072.68892873628
67.5998636853166,861.112569612283
111.702776885455,2978.79543800567
66.9317067463526,808.093460908308
30.3880747864484,299.324159834817
30.1575010016925,282.596462495331
75.7961195653413,1020.05104539922
49.4223788830733,467.87614398369
46.1239424399998,438.994278237764
0,0
38.9526411555109,346.016781476107
59.8382427047395,721.235770473768
61.388309714749,782.042813875306
44.5463707279836,419.707578149486
110.493392880389,1887.48782850584
75.4166672371558,943.170316168361
42.5611920882738,401.884735623795
54.7782138941233,464.400924142132
80.8590183988448,1531.03379983059
89.5796265871803,1556.26675890547
46.158667710463,541.814177228503
77.5535665294171,1230.13302246715
57.2778821480533,567.689923789658
61.6873021285151,616.203171362558
76.560108549482,1103.08788140308
24.4426659173276,261.779621870525
54.2680101145906,758.938982895133
81.5713398356782,1041.39549911765
39.9525326371963,367.219772951002
54.7182803810351,574.523731418076
57.3938859390862,627.671307374162
52.7720082056286,557.797390366756
92.2586478784041,1674.72117865021
34.2986156874645,288.703661597334
50.1163693409779,475.647178960199
68.2245791124084,909.335529155065
50.1460599892218,481.074665878565
27.8013263780343,253.088538670323
36.388674429673,412.407381564489
71.2031563800329,913.379529303128
60.9018513008391,724.588339169535
71.6758516276164,1154.8204409529
40.7523927172022,400.304466648952
80.223693287638,942.729010083794
53.1999906438304,546.040333740096
50.1589753893952,477.320192969984
74.2589741258559,870.960981409065
65.4413110044226,908.180678119703
0,0
58.7500845170057,876.383722456185
51.6341980058964,484.220191713963
63.4091957131398,599.278653194564
49.8340979559646,568.436604195111
39.5719952131268,350.530322548185
46.4084347575304,488.405066989301
73.8362369263288,747.572911975396
81.4000938890818,1071.12967372449
80.4773065748936,1102.94990672836
56.9695197102563,594.958501800527
96.1937251053766,1442.08800258774
61.378740411773,946.5653983545
48.8909035210364,499.467505108852
76.8732085835612,948.031603471377
47.4934213570269,506.432657440423
65.1291141557326,987.372499135352
56.8595144899535,907.917094247444
45.8097879166605,426.463738908782
80.9121767316404,1461.51022062693
67.7174403801524,976.228454380194
45.5028848175393,531.893247735292
51.8742768841209,518.295578017426
64.2064614905593,853.774145510597
47.1190578496108,558.052543595529
27.7659896725134,231.183490733292
79.7328261024512,1069.2469733519
85.4396263127214,1533.40312771536
66.1211850287067,753.872299395353
64.4154837304831,776.377457686324
71.0129060372881,1109.24914205951
72.3335498769176,923.792646556237
72.3689047368275,903.51780603048
84.0136617820729,1687.98333979
63.2714185216484,753.413090524794
47.2719756417518,516.440797191561
55.1872268606518,528.163624793512
91.999132769349,1295.46617361063
106.94074417355,1135.14753714784
35.3004518850778,356.568220666864
75.8085069391982,1042.95724673018
86.7991216734118,1336.58229829708
81.3308879622702,1149.19280159925
48.4663516677607,399.438843966697
97.5563108126483,2218.66139076159
61.1865723918394,641.44258370065
73.9573531291121,757.596509911518
62.3712134576869,866.477395499218
98.3468885844487,1806.8568565485
51.7416676938476,507.763249988949
51.7849018927029,862.029168680151
72.701626068666,904.313766936526
50.9178311939589,512.48038598662
63.6051152366738,1102.38268751292
48.1807090270856,594.649271161636
103.766629761495,1502.93529529454
56.5436488270231,877.327919750376
71.2180756159355,1116.53031342215
32.681733048013,280.187908018815
62.4757093354702,1245.74719578164
54.7830588007931,503.134464170555
48.2491367537463,471.450184395362
52.796986716481,732.983240013182
57.5326790119694,568.151834999188
96.3893573203542,951.146652431999
0,0
41.7279701425666,356.91674371423
91.3489710990573,1934.10335179681
79.9862137749696,1209.82095740877
57.3453375894275,709.142583053715
65.4878307048024,628.973680751264
73.2642644975009,859.283160584791
42.5947051593784,399.262851016644
87.3841141601023,1602.2179015963
44.8930681543098,547.918045466208
61.3036240614862,774.214057796696
56.9141682212217,625.778950633124
49.3122474285212,484.516515068947
82.5698786924907,1001.12212407186
80.3001694527854,1403.29249278018
57.9175208775234,568.047969835097
70.2069612376605,539.998713825769
56.0761399706783,616.58321645537
64.5638941313683,710.166995910957
71.7606068296715,847.615220692523
84.728194585369,1185.54915010749
41.9589333552289,416.078112032559
107.676087977254,2038.05410879294
36.9577031369042,283.817496781252
70.4282134642797,928.096921033887
106.018961630986,2364.67412267919
54.982482625462,458.813220876779
76.3676430233483,848.176449722673
56.41218962345,855.797958432805
51.0938141659938,411.959316642413
49.3036400359347,540.981273290843
81.1317601199711,1270.08243177198
50.3503225196616,524.03268852237
45.5091788425592,405.239466327297
83.0284629352276,1192.81752697432
68.4200321951423,751.887104917527
58.6376669785212,570.207091736743
39.6627642339942,380.278995864203
79.7112484664019,2043.17595038786
27.6826287740637,258.48304608009
60.6695023349994,666.642352715872
69.2334760552611,751.690916156484
60.8251111783245,745.838577798577
98.8155288378102,1351.22686151723
74.4258872020033,1195.90355850581
90.4535465533267,1647.62543174989
45.1890828535644,378.439793946423
70.8097897403972,869.771417676449
79.8345351609006,1246.17803670461
64.6351915556676,948.806593992623
86.7235213062404,1321.81343767344
72.7482116975123,1112.02511909043
98.2172777392461,1696.67104273678
62.49979174115,856.508032407495
91.700329719007,1873.37291730512
63.181916250079,782.629920530498
49.3204592784821,583.261800510814
85.6908624822862,1190.18676544833
63.9009255500652,914.782722688774
61.2247874224291,574.137264370464
109.392764870905,2494.84664449283
114.438915617884,2374.93705709828
69.5149454164874,889.257433488079
78.2709850216954,1225.11780820129
65.1852987731755,939.470079106661
53.0788473171195,660.964433479374
42.4011414219265,471.113541771576
53.5596572985115,466.216650051014
61.9493412509041,810.265983176328
44.8226159265084,465.442689228352
63.0842189918791,763.313942020974
79.2644814230092,1150.65956244301
27.5847499652311,394.169276195103
86.9379798379133,1167.16518241014
30.8505464604164,275.232814298305
46.2156804931769,523.527229343935
42.1149029656797,420.672399289372
110.99238766456,2209.64940737531
68.4912160074897,884.403051506903
93.0366811478536,1425.04775287616
63.1082685304123,840.526759592145
36.178148914933,313.720282191709
54.5814377991567,701.642331515113
68.7159390889012,847.747148927885
33.3005582362875,349.354712741815
59.4835708725904,615.139868220049
82.4858657917078,1362.34682406866
27.4344896814835,254.855404334566
51.4589595368459,645.110486778047
84.9154897162724,1356.98479144775
95.2147567429184,2078.02477290811
65.22006390131,1102.1966164651
77.1256790177122,949.690880269441
47.961703926369,526.331006168196
83.3020672005814,1120.88111750098
73.4989914608733,983.785204269696
33.4777229825834,378.543023971585
81.0718695332919,1447.80857502975
93.8115786991915,1628.7478334467
47.9698453341851,462.060953475687
72.1575581596766,1401.8282942335
60.0973319955584,679.364467386749
51.1586138314643,600.619870941295
53.7375403638453,527.015472638283
58.7191683414638,792.619747205297
0,0
126.958546928218,2646.95363148362
65.9870760689778,803.046047291986
72.5208789591145,992.701178659871
68.3005336437049,699.668368654387
30.5996369824874,301.623466608957
56.8314152866161,616.824373529494
137.688222086272,3112.5584118163
107.216358153886,2709.73516223536
111.087343981783,1046.63067531251
48.8631123986761,463.259964883912
33.2033210250191,370.837268601414
38.9491308726779,369.272195032213
112.999560283375,2203.39420155557
100.805484111459,1535.94738855161
46.8429709915185,428.107774674136
35.5005651485907,335.147991397284
21.1878426819026,209.146477368681
82.8280882398118,997.45517548202
32.4306524039959,329.866686955323
47.1222919279374,395.734152202861
81.4004615837609,1388.0292685452
98.5805893821145,2308.73718283809
103.576451280428,1925.92625200942
89.1412678482568,1284.80139218332
50.7554512251948,599.494172374817
33.3400636208649,372.170375316068
52.2431226262654,654.618173749319
39.4542474627595,366.883487103493
81.7498673268651,948.329170061585
110.828581427263,2014.44799531903
53.4325107124201,603.672298301918
33.4722505133686,265.038426259389
34.6830797232198,341.31876052276
90.752870180167,1010.5241957728
57.8847088914526,666.389779139286
64.8978195705488,791.913656285094
66.5420961380079,1311.60990744044
91.6909885289048,1656.91297062999
45.5370065131208,551.012965308007
58.0136048369677,786.140426842153
46.4664047476595,619.496005369281
82.4523369929085,1419.47461903645
64.551851465605,931.069837437164
69.1885451290912,1163.80197407714
63.6407448864045,655.708188399583
64.9344025944086,640.197502630099
111.075031745218,1890.54099928591
89.6596182170066,1426.82441975777
79.5472871250778,1084.90587910533
54.5184174868637,747.775127378921
57.6970148050571,763.413124309807
94.4131216461014,1104.51903523956
60.6130429831782,558.619667529667
128.648145113773,3186.80219914155
110.047339650744,2288.42547947746
66.2345192915457,1166.35184852275
46.8965762085467,541.029729124176
101.085590347543,1805.9489783368
28.3198301671085,307.985670449539
78.9864258315045,1322.54179682389
54.4676963053161,616.513282165697
66.7845233497499,793.777020109207
69.7543358166577,1006.05843722616
57.439349586397,581.793650415738
78.1321372187322,1326.70269224403
44.4248359188641,475.049629273011
78.3673994186135,802.596402024891
79.67161654316,1492.56200570437
56.7863167496402,628.265772606121
102.534351047156,1818.39592668089
87.6358278976763,1315.04599723278
60.8129554745288,749.705721697967
55.8757540862219,609.581140813229
49.4816842075667,710.518739635849
63.0725443330418,780.452216999283
92.4741349929311,1212.80384881266
25.5241034606231,229.630674044349
64.1199990877771,823.576321365278
63.309949425568,1153.96281158279
67.6761070381593,789.402835738507
41.4560346109388,334.405342080062
54.4211444470564,492.053830145482
39.406359490945,384.241032947333
51.6304483994954,622.771162020787
113.123277947072,1623.59467229069
85.0226608583775,1514.6160942124
70.5553685293854,982.267491317373
39.0467291748464,358.905104046515
47.8732215901045,463.835415134283
99.5521634348863,1609.93438324571
55.8521723044364,526.4405454255
40.8631733332081,373.711019237467
49.7782896634592,629.679903981288
77.0063066112269,1379.81325250863
77.7093185028328,1122.72627969584
75.4726833359262,1146.98267806353
0,0
58.6284378012095,592.600887345987
51.9372629861657,466.323149179008
46.5678065786984,529.279074350994
36.7919705192714,307.35716208109
67.2348332595287,926.508092449624
71.4889141455773,856.787169107951
28.9303827049145,274.835010667559
99.591990587776,2849.16889235885
79.3864977535058,978.272189368141
80.4500496777333,1304.4575456276
58.2684846722054,631.450280536636
55.9209940927022,829.874553634824
61.9431273429332,690.13187957901
51.5188902049117,486.976707814191
34.8570322544165,345.132623425579
50.7948760755688,559.861239468273
120.217534522085,3600.85168352761
76.7552671765583,1043.50896188574
109.070015205783,2059.61181039384
82.9898374972525,978.474252075736
62.3082284543262,887.177210466723
97.8062455422394,1754.09816861758
45.8791637854593,466.2566074937
76.738831685965,711.301187624557
101.22304202539,2006.76951751397
61.863957856426,923.684869908686
77.746609341313,1341.2022169735
113.592811695639,2915.27689402312
84.0596094282796,1105.52143080965
57.2759561481381,685.369037194749
67.7573788103926,625.953886053301
58.758329597388,859.558130855065
62.9395971072604,864.51293088265
61.5143755056537,577.402329421498
54.6720873221061,459.933530080041
52.8922984562261,539.333080399141
72.039548129131,942.821305426591
78.1551151786437,1162.11054463384
49.1156504889358,466.507254799769
45.5660893096397,389.874513515099
88.1874494984616,1511.00752629829
49.551746050079,548.133185073675
42.6874569703526,469.411355294282
54.9407080213096,564.756702995238
75.8038736536565,1393.43495533141
44.6991154818986,405.105694304963
71.4846557058939,800.053402140036
135.180828934667,3692.08946948401
122.24466487988,2254.34478797764
50.8904349314953,621.683735415067
78.7960099855959,917.270270404763
0,0
92.3484787623826,1089.10742032004
37.2555133195652,359.523298585914
65.6157979354415,700.158878557499
55.342845794569,560.126059288942
60.082193756051,595.39609109111
87.5220816904399,875.016285233109
39.8666911865513,352.442727653565
103.956738539303,1723.95018943339
67.8079970825219,801.720065924623
44.7949398112686,476.239174872858
79.9651743409844,1184.2686776563
61.878547001158,771.598492217709
79.9982428577595,888.929297821649
49.652344597133,807.523189777606
63.9734706441764,692.461247572781
67.4151309870953,931.736799035665
86.9219915056033,1745.13816516458
95.2157886306339,1768.53737859365
107.272080521661,2162.61330259361
71.526596861316,918.859009285385
61.6313437161881,656.534174944873
68.7624109699775,822.393512294287
62.45889740436,917.988041405584
48.7213483387608,414.592395784729
75.4307828941663,1093.08887152676
83.118825363881,1106.17259604559
22.0442982902512,254.369456454594
54.8165037703175,521.69860182101
78.7210319029626,1062.06690709312
73.3263700123582,997.01622079049
40.1856954521866,442.487032718751
47.0176062729771,477.519104726951
83.9636297912362,1178.37082698195
44.6694753217176,407.144972555776
41.4395187489459,424.086166116254
71.3370426676562,723.057296705969
31.8338196428638,368.978954683134
60.2234450577568,654.141045647886
55.7439691730985,505.033733961559
98.2578951105853,1945.89495047163
35.6803518934493,385.504835370958
50.8915576067142,454.048171156277
79.7167843516241,862.810666930523
95.2467092541112,1158.92647090917
62.0763289726973,766.073916276883
84.4274998732073,1590.68725349816
72.6327707863578,844.303701225414
72.2807322732518,788.927963048846
70.0568498553092,929.003563502669
77.9292870949521,1003.74204032167
66.5491345185591,866.809449968909
55.2197873903113,642.590749600709
40.6776365772913,332.659437967674
62.8711458833136,717.738440273591
56.7378795585622,495.345265993114
55.8828762961797,674.56660882192
65.5740620416541,849.29205271207
45.3172904012754,543.973719472547
74.9012290394817,1315.68584440794
93.8250195482408,1071.30042415582
78.3170510516593,1511.60804727385
65.93242101034,851.841503076114
53.5257050859034,525.65539429909
62.9963504274694,622.139567431797
57.7556937545039,619.861482977965
70.8676728098127,1067.82026296168
61.7197021456859,813.828771457024
37.835235708857,333.388035060905
54.8830292059945,448.41861363152
83.9302811893558,1387.04483867869
47.9749326381237,448.36114251395
0,0
67.525249475769,775.66486000617
58.429350249128,739.417678514033
73.1459507763742,1056.71825366471
48.0969627920935,554.143914168565
57.8446461866515,601.830558022956
60.4507659481865,672.726475596941
99.1409162836393,1785.50924060113
71.5265104953207,1367.68385751
69.4204284613021,869.459919266483
68.8752384456879,646.990173539816
69.3416201482609,867.209200133656
64.8660438660276,732.391648296645
87.9057550816441,1385.65086209921
72.7990811462849,1270.43750501475
104.61279322838,1308.94441594496
49.3759353168699,510.208200875052
50.1131725867389,531.113603775486
70.8522880143582,844.208078601428
51.8647301899774,540.592927467277
55.5847711183071,470.377643522008
47.2752715461687,451.670617584643
89.7396449983122,1322.17123640619
48.017414194406,619.025854222967
57.6107992127604,613.178022019576
68.8352445757739,741.339327994352
55.4648711472535,516.667094792188
66.693863436003,848.002237485923
106.75829688298,2142.85860630918
48.8325137124324,458.924929043302
98.4808707567855,2004.78374657449
44.5578141133931,494.267864686686
28.9632291303551,287.988437041726
49.3171756967206,447.45010667773
86.4125199934315,1156.9655804108
78.1041225889668,1226.72428332618
76.3146036312157,1021.15642211427
46.6973474391811,479.826457465503
65.5742446344171,978.656943641565
94.7715101627674,1522.3295903957
59.338906519785,850.610369029334
44.6760219578756,460.540197017836
34.9921387471029,326.715866619833
64.9867645614948,1137.07833186899
48.1993238843406,580.323456414921
58.9840335820351,689.717547245496
39.6243200691388,413.245644183714
92.4146728816558,1965.48296207
67.1805247525178,1247.84864692057
63.3687991467064,928.603877750847
135.736601463056,1731.00194015789
79.9029747427586,1081.79974437726
91.0951997290525,1329.82548768891
94.2009351269355,1372.87500855689
103.547222365799,1183.07779347569
95.5110286937431,2729.31083004315
91.1669495461059,1135.61513301014
61.4177418275226,742.582673104196
61.4379002281426,741.001510082484
151.831224551761,2452.36443417272
80.4940301076172,777.729038696794
155.098786061979,2568.06794024153
175.487817116832,2210.97708398541
128.494750558053,1594.03908039715
125.561184917049,1485.41611128767
98.8980209481729,928.651152887799
144.94495263095,1645.32333751316
143.002218413068,2021.70314704861
165.261713671005,1907.03578764859
134.377327925781,1673.50887506001
123.044255257432,1362.14174578672
124.583787687817,1689.5382223213
157.590693424611,1901.86581949026
177.859196736369,4141.73561449615
196.987425676224,3399.47971645464
0,0
0,0
117.825539162192,1362.26945353873
150.716451377929,2129.47126669512
150.256921489829,1835.24155012471
149.563294723577,1783.19742601181
130.157204679576,1878.67430331349
0,0
120.753315456195,1274.88166674416
123.667129287175,1724.7303249316
106.081030403629,1157.33375304409
117.604321036739,1192.76538948561
187.851670819786,2614.51504330606
152.917985429787,2043.63286126687
127.432709722574,1847.55341388068
0,0
285.412552593257,4083.15678254097
130.274970975334,1782.76293587734
85.3679656257648,865.933189646566
125.682714267051,1634.07033204678
142.745677471384,1776.65230067875
177.273869458707,1981.94768002117
163.812871183658,1798.68215689248
174.892316373413,2571.89091731425
98.6115673963658,842.763948034809
0,0
106.657155189982,981.123850218639
169.15682835963,2121.92839323809
97.9512248382945,909.900831872163
125.827437486583,1827.27966720578
184.727627083692,2814.86049585088
167.817754403158,1974.96587975685
139.191574064741,2056.54766428278
196.983977152362,3118.61172626586
0,0
107.995655545894,1067.12866152212
191.418133748224,2923.92898329856
92.1734004957603,1035.18568692205
133.03434610466,1902.51197496038
81.4104372900802,774.17053817763
184.901975543619,2655.00002318136
146.114294122633,2039.42155857707
212.802550395676,3273.88641485827
139.391012409023,1333.5235889242
169.53306275617,2466.2201050142
155.856098021187,1691.79608914238
130.376746865897,1877.90271935053
142.892052974396,2414.79920162715
129.338175922719,1824.58872973042
157.200773898468,1959.55340008183
136.336851417962,1667.52041475428
139.675762023601,1575.76847223325
144.267705252019,1911.84940122837
130.972964723486,1945.61082642479
178.510117688289,2387.8936819897
0,0
144.584674788292,2076.44797155306
141.517158586611,1783.14030530092
0,0
167.067297894811,2060.71816038575
0,0
158.109168654542,1653.34111539378
155.632037758723,2327.03065279816
145.003240170122,1855.24204030584
136.226459684305,1479.77438172043
120.939272368131,1487.12564599663
197.624956186228,3117.53459851302
177.162604347956,2616.45949079339
120.657157837174,1889.30824301511
0,0
155.894337738404,1845.80749653688
124.446986907269,1737.0205915814
131.404204728956,1437.42304825068
161.03837116084,2278.93002696284
0,0
93.8341755835973,907.888361463227
182.003751901902,2256.14913031199
134.367748615871,1657.4817239445
175.108862663015,3467.96444525717
111.172524429714,1158.50350499927
95.7396341630647,1088.84029524857
0,0
115.999326076337,1657.03822647255
167.37253616563,1855.02097370687
117.600147287602,1300.29096273946
156.642004316521,2144.42799901354
140.527623028079,2217.77687164595
0,0
167.45670338625,2201.52369662013
183.487947633701,2390.87828987262
137.577149817033,1541.80551460634
180.735266738043,2481.66803409738
152.549531958442,1918.8282189303
102.984046208884,1250.94611676333
151.060986939231,1758.89461237554
139.647303449959,1676.87989050278
157.273360459621,2407.86447912934
108.034603541684,1044.18061038532
0,0
162.061211096335,2494.84449431506
143.171766725313,2079.03728109312
167.464838991639,2244.21106356515
157.739252670879,1978.59196708838
125.203126490922,1465.94307135437
91.4834308706002,846.25830821135
150.968774232247,2252.30314365349
188.572200425498,2754.06239918436
198.906836562056,2821.76208055799
168.722129467543,2354.79314249068
0,0
123.704155414862,1740.8136983104
179.381520137456,2385.57831545528
155.162105864637,2475.73559808605
176.704821353385,1973.25411141673
86.0936028356959,943.223715404377
0,0
165.216882246139,2180.04252854404
142.679739460483,1536.65954705425
151.538795670708,1711.6739743777
194.280120265806,2717.31404984725
159.490717014781,2706.76131035125
151.993372113532,1911.42592083965
115.505053272081,1229.86262539451
0,0
171.059109407918,3278.24716463012
153.517345325733,2091.07837130468
142.648592715535,2244.78093769895
152.627736598684,2482.16309008413
174.329547699633,2748.5437699915
185.96290427741,2805.0351161401
173.138790227525,1962.81339556526
0,0
212.380857245961,2827.97348283579
108.465898653213,1194.12231948635
0,0
130.407625882607,1556.6544083309
117.37730686311,1082.17011869408
160.521673322681,2109.24847331297
168.358797933445,2622.9522440911
183.23420087268,3175.92975321551
156.916206423412,2441.11893158461
161.319013132167,2051.73939882755
0,0
119.318584567055,1277.02899851818
126.901136214861,1815.67127908667
143.110851708955,1928.49733255926
155.648481281565,2086.32960379872
166.183484985599,2314.16341206623
90.3137788805928,987.941653351257
136.482878063504,1854.89320828857
143.725552844688,2129.09984550816
158.096649808049,1915.26330785151
212.020875488529,2972.22744976615
168.953351725151,2419.30383924343
128.83697423163,1247.78224455587
157.713990734429,2066.1163183096
176.474786183434,2879.40556166774
95.3329929563852,1249.59206112402
169.861335934228,4100.54884329108
149.988818232818,2100.21566034134
157.905840857104,2582.13748286908
138.742101937688,1519.6213379786
154.678877419465,1745.61432138825
155.510710768831,2051.96548256591
133.128577884657,1361.53030457874
158.678045788411,1629.27106950803
157.662618914906,3413.82035169797
0,0
134.266587982163,1557.6332390027
175.309733163035,3917.23431837186
153.329672047789,1629.9037782514
97.4740962958313,941.918996499325
192.142496395852,2444.56553785678
151.249297062762,2102.7310476437
0,0
0,0
147.618330886579,2131.38595359349
162.047835117008,2226.36745919709
159.017689572192,2472.21433771979
0,0
115.781441742253,1355.67145912533
110.012673130327,1076.44974494351
202.858864043771,3149.56745420272
129.275581670928,1361.19512114212
148.258783157316,1523.34146940881
0,0
103.845736119376,1066.44449528286
160.867924889504,1984.61174566325
136.913174425366,2028.36923697536
138.752392410217,1862.79127425713
196.493975625487,3087.64965631891
167.713960166692,2923.97522156555
98.7746223377065,962.641485711348
156.683405219682,2683.07455570237
110.01196328918,1137.10012416361
190.027419050593,2882.93865892441
141.594725506114,1972.2731040359
159.377433582769,1954.13082155692
179.995721310458,2738.94043272247
139.361847394766,1736.74867094725
122.560419978359,1158.7363078614
130.353457287208,2102.23003371843
0,0
0,0
100.962578824031,1475.38403226463
169.646492431279,2176.68482736156
131.384523088259,1573.02853653073
147.664973875784,1871.02922758235
138.244993419153,1321.69211866095
135.356328094611,1782.81755444685
0,0
173.383962295195,1986.78707549312
128.93077796175,1414.37365486323
147.763854232621,1933.83004137634
126.799153921465,1297.24370052135
105.015037809718,1093.90020303959
0,0
135.757879125213,1452.77997817932
157.886504839462,1979.1891304779
177.155650093498,3261.09279586554
115.845746667164,1690.48030107698
0,0
173.165036658432,2591.30278521851
147.29556925783,1813.59137583846
163.000724835366,2187.08842138446
146.801288023442,1665.06142724832
150.928123224177,2159.55872870709
125.318961131192,1522.600597464
194.658543765056,3863.89848260784
95.5731462958229,1102.92088322556
120.281095739623,1273.83265145329
125.305682213865,1536.93447407079
0,0
132.774713926103,1431.81305420346
164.791803708458,2650.23753902607
94.2959975734896,791.664079631251
136.07626475714,1643.87246358739
154.992115455684,2289.32887709647
191.996199501914,3017.52489058865
143.162126696416,1732.54113203627
201.23921035238,3029.76473571617
125.219666784245,1658.34848296307
88.0847975468305,972.562187995588
174.189276370941,2846.75950125782
137.24711630292,2262.02490522173
146.85871779836,2075.01767754907
141.329749135485,1378.80469088303
152.056624445557,2004.53398867658
144.688973571526,1691.72487112035
159.434109776907,2092.7493555596
0,0
102.748064624407,981.218328701237
238.900848799182,5366.19903842977
198.358193020081,4034.73057807821
154.467847454445,1780.32516290511
137.512685467639,1627.82169130617
142.739195293924,1915.98938424086
266.430393910225,6366.01729052764
124.22880146813,1477.17494633425
137.251933403397,1654.37024985868
228.871043920052,5694.40971351447
121.119073641736,1716.99512586981
143.066518076304,1757.4555318341
0,0
131.033672015218,2431.81272851088
139.498538190902,1640.72458250009
86.0982649444817,823.985717211691
138.878591967971,1958.3407284859
181.685207409466,2536.65172496689
0,0
140.339955195963,1482.68205501279
156.430435884256,2361.27190136257
0,0
156.383428393095,1774.931926226
155.913074027446,3249.3889901338
190.882697653924,3282.36065095417
0,0
139.581641374653,1439.80825751556
207.13625824588,3436.64939003364
135.183869517611,1888.76816180001
209.474555844163,3226.61511668477
134.032743202102,1763.32024608065
0,0
0,0
129.377793675328,1568.93139033085
203.890004378306,2739.11246162593
169.169361055909,2578.71524131703
0,0
160.181745690523,2250.3576726973
144.953392026839,2010.49318145413
140.898357534255,2002.02097702872
151.269345760376,1714.06079317382
153.812247918009,1656.86943847471
147.792472302738,1575.56420609144
152.104265691187,1790.02888030838
135.293136005748,1618.98107667322
181.915222390078,3238.36044253075
142.098372113189,1830.94400891725
151.156240481408,2902.73448049261
155.574773557144,2336.23033855691
0,0
0,0
156.030630218598,2643.18865976569
200.436459897495,3102.65674402552
157.03937386277,2254.97423801729
146.039272692169,1659.84998498086
141.538817783895,1644.8377539853
110.912218695095,1307.0473735441
163.473061142342,2233.56948092686
133.357303497433,1472.12296100249
180.014847504673,2720.23980683546
118.054291945788,1481.53820938548
155.959245201666,1547.42644422937
131.037188906237,1385.33185056329
0,0
176.153529734819,2619.60863744956
0,0
142.690752797378,2630.87470645381
99.2739782446434,1055.88891290183
155.572395847533,2683.06894710828
0,0
143.972369601362,1753.15344468076
112.142651747216,1333.49202686279
205.393837417963,3130.73937311423
172.692440134997,3024.10634329287
179.057339840301,2536.26213563581
216.50931592569,3161.87605158925
163.43050612109,2525.87715648008
134.695764938514,1905.12121570647
223.034609845569,4040.16665657842
131.799103607481,1583.87817151116
164.526182580881,2012.65137391759
176.56569739524,3416.43325678682
128.0694363552,1506.69254162641
189.461276102922,2876.71709343697
192.176082475625,3755.87633113176
213.452836515484,4321.43278928885
218.134845209555,3596.39228302118
180.270268127217,2511.61435166913
199.745921337244,3107.32726040459
101.237044614674,1064.53907682233
184.335938443619,2053.87000411448
166.873968946247,1999.12839596174
0,0
134.455468376283,1638.37344719234
188.980956958586,2646.33853014441
151.396032560642,2107.26377974637
176.098419844686,2623.9861699276
140.632029371018,2098.85236082043
167.512478741772,2433.77648696913
0,0
144.472703362812,1813.79007523519
198.379153191484,4129.11064843287
149.957871250887,1821.6424505295
114.309491639052,1150.94474827942
125.876775433612,1410.60497873918
0,0
148.095002250769,1822.03492860049
99.2620837748353,1135.44659938073
109.231631242948,1075.67399486702
0,0
130.010986633585,1444.8137812162
0,0
134.844135407695,1670.19328533832
187.273655204226,2579.33899724935
114.78207571721,1334.889429996
174.045911275075,2846.55077882402
154.394496816446,1647.39851353369
0,0
128.732575882918,1565.76294306637
174.501358065088,3454.52946694299
129.114180351422,1863.05643992058
143.778799105622,1838.33869511875
131.651881357776,1391.13090044621
129.770586127042,1592.27599427122
207.317927272619,3847.8662090711
158.957119359696,2097.23340503062
138.599272476699,1738.04546055558
165.966408242464,2668.9969618031
129.308167343868,1551.10480039469
176.542093887322,2008.24166585751
162.387145986736,2517.40460750988
101.752859679965,981.341316453311
124.347980901196,1341.03274238218
223.275993717003,4918.46539426973
116.869889462627,1306.40447180209
174.125867489726,2542.42438786241
177.22096875687,2589.69135840002
152.634828426675,1826.59836370503
149.90821583539,1636.29656578767
165.254366297013,2120.57549592823
140.664236659085,2343.72991702048
144.755908347529,1622.95902815613
0,0
0,0
139.984056530308,1843.05616602161
126.00623452757,1668.61832880679
140.513379134522,1809.37683370107
177.428108502065,2387.75368244499
162.75109089795,2104.71631034173
141.382520152823,2043.59886534328
95.9762721346327,1021.85708007023
142.377344616432,1854.12087344754
164.955788517365,1911.95555099925
0,0
174.297075663673,3037.33851776014
129.154238129717,1386.0811829636
186.04967212444,2991.5784810015
154.587164387141,1852.93613278081
0,0
102.729429588223,1076.5969251048
163.768008509707,2503.48530430446
150.24108455515,2296.77329256058
155.638040018088,2061.13342343578
0,0
123.075975028299,1969.82690639424
112.526464441006,1150.44163969937
192.291478741395,3477.08170915759
118.5747638532,1345.15214480506
183.203635499417,3318.75400284244
98.1851464365872,1027.41911471965
149.475533369434,2636.30886883985
0,0
198.8861166934,3739.66566492525
101.295036728284,1288.79222042933
170.799046297723,2865.47303583002
177.284560264652,2496.30936122679
169.423197425097,2140.42161346201
157.030702434093,2447.17443364188
0,0
157.118459623185,2295.1219866515
0,0
108.144763278306,1188.02755487606
153.495384286942,1794.64212231066
199.778618261046,3483.14820500287
109.22820811554,1139.9500092292
145.62151841182,1911.46180406488
109.883702067453,1137.86266276275
194.380009518686,2214.55052005694
249.791490593293,4826.0575123721
177.970920365568,2562.83133749783
163.111220065334,1762.80739321288
179.376455506478,2886.15918561729
147.191762073595,1479.50362544385
124.560609469746,1276.69639615297
147.370774927728,1813.18038846499
165.1426169959,2068.94580437511
148.702469096134,1513.70857224228
0,0
232.74006509044,3705.29331334297
103.495800221193,1041.89519994264
174.109758562069,3545.93634948312
148.142488300361,2369.43341125952
131.213747289628,2098.8569581586
134.796891173548,1559.97159830904
123.750921177428,1254.12266291913
117.066695644982,1345.66679334678
135.127289914149,1614.83143793738
198.365774821259,3664.12059602129
130.930178673306,1240.26236333055
137.271340494861,1694.44668322709
120.312509286802,1442.44766650603
132.563078857708,1519.23169358857
137.033337851226,1416.20060769754
146.083973560765,2412.6650545376
110.258521137307,992.490679081972
136.111255116171,1815.62293879392
167.827394152987,2241.92196068617
0,0
136.013539161259,1651.84329889655
145.629597540064,2035.80647435059
134.807887819349,1805.38025621797
161.615996108887,2854.68973906106
143.033400433862,1558.73888003607
124.718906433053,1680.89515346563
155.874644888305,2202.33034166508
185.398391251775,3851.23729264758
101.692706664594,1133.95678016729
119.204241900566,1229.18233529382
205.92343368767,4218.09681667616
108.142422631502,1317.37211269737
162.385722167456,2227.93154251509
160.393576874661,2049.63317409513
218.348225890745,4225.98060105112
154.338904333758,1635.41007681441
133.091363279039,1734.338874831
118.600372478523,1141.51668275688
148.622461026317,1939.11981287211
0,0
180.178057002392,2450.25089014423
179.099426661796,3017.38175763781
134.943330976299,1451.61511811896
0,0
146.458350938175,2301.71290435894
174.611268170458,2791.59136555263
170.707184699974,2174.86735809108
170.205260575389,2580.44397931117
0,0
176.552858952205,2403.80360128235
115.146537823643,1453.55836845302
115.127768496268,1401.27642658836
153.21293620459,2605.37674538773
122.124917686031,1301.64607921548
147.639046073812,2049.36169691147
156.728162676745,1754.05470016225
205.294300129727,3764.18886326565
0,0
136.635300680871,1549.57453355238
187.885647695656,2991.87359763065
114.896009812989,1046.18961177085
119.809591952536,1421.91995355984
179.50873204706,2678.80024094219
132.283037875639,1908.68356918946
310.843123475184,5035.30308615073
126.223838082285,1276.07083503587
187.761012741102,2810.2034372817
145.238040800008,1583.38081460915
136.076972381043,1639.90419349191
0,0
141.559770040418,1714.04087472194
167.653922122676,2316.44396735959
192.385432933906,3004.32003165643
190.360361954854,3410.47772775863
83.6643796722278,960.834212536343
137.052010321009,1413.34346784647
110.213331434893,1158.07189758384
157.763677545026,1820.54815438124
107.34200620821,1233.15512034101
0,0
144.740114752306,1705.71217306404
135.831061208435,1454.2631717986
81.7779441152896,924.222352213593
184.901132462302,2680.06408238684
118.059697630773,1306.61858717382
130.499691190388,1677.65984443117
0,0
122.751791901565,1249.6233923568
154.123854587156,2284.13258576443
180.224074465026,3042.3321574239
164.177425042704,2602.81509569368
175.047738785537,3115.49707001325
136.729219713438,1977.24026089743
173.521658107421,2599.28294840645
0,0
172.793358392885,2139.20178383323
237.08135114018,2975.78645217584
117.901205884515,1395.12758115772
146.327148757623,1783.22943550988
143.918682497764,2123.18860172944
159.448017496798,1785.32221665643
140.279609833232,1678.6006861815
82.3016851024083,926.66165732181
161.728777475386,1849.80853684989
154.577539133202,1658.82282107532
225.519746026011,6847.6210115016
110.523596777414,1168.7759596836
166.68272170894,2221.67597709354
155.893013905363,1783.64445818088
123.860863538374,1361.37818865783
146.518825163216,1707.17831563055
101.539096913086,1158.76003910241
148.473020863513,1587.68150067692
149.257190408911,1700.66671321837
153.22225429343,1970.11129801446
147.276479766696,2428.14805908934
130.591298575144,1522.56946470392
151.122045961715,1827.00624391125
181.517448965253,2615.80526990071
148.394367699095,1762.75669901759
132.407360035621,1360.19215594263
107.922768213722,1349.52080270417
160.775183511603,2761.63985223311
201.166224115749,4020.96892501568
182.436139488983,3079.73567832681
0,0
101.855435324331,1000.77136043303
0,0
180.368194961579,2559.79103331582
127.412060695469,1516.28528639328
162.905180312171,2882.87715724128
149.031896958268,1926.60080791652
127.629500944729,1428.69357810348
0,0
160.139688494009,2433.49358161792
0,0
182.784290227524,2961.99084154272
152.835631323615,2176.99767492516
138.194753171704,1757.72726119829
135.074653445213,1507.58157612991
155.168548002755,1638.67283356924
177.00984898432,2202.75801895642
158.349598751286,1943.63651336471
136.370745627817,1626.47158229689
180.102127206298,3188.42406211011
0,0
178.157828114809,2182.27637783584
98.7122650231558,993.708549707477
162.263992589292,2380.47805759097
149.768961591941,2039.64067717052
155.236093024874,2247.44349628898
150.206209577442,2488.66767148243
0,0
0,0
137.307459884906,2183.33690937268
123.959039361213,1154.87727898605
116.348487252707,1186.03727177223
164.404146733891,2883.17489015183
0,0
174.538946992165,2343.07187079917
141.264962440702,2138.635696397
192.737440352728,2978.58778175113
177.55842948905,2334.81619999748
229.064568971939,6686.34583119083
121.229339057556,1568.24116126348
170.063992105211,2318.04126326515
171.938976726593,2713.32737392597
128.703511733423,2207.12981045646
144.304336288077,1819.38078030066
141.090637616118,1532.75169555644
0,0
153.80611057179,1791.74345465439
185.932962057069,2857.57167238046
161.530792121913,1972.84342729833
179.794446048315,1962.49888785644
127.79132667755,1634.29010806179
178.410918326658,3592.31677656924
0,0
121.59977794236,1265.49596199402
226.531169154553,3676.77418199519
137.802410349178,2044.86917090109
0,0
111.148017630302,1186.33178558542
158.76081647407,2371.4845245894
183.322118669692,2582.81431628314
129.549624330303,1386.03621771808
122.242488323399,1386.02465293791
177.515561419469,2541.64009911742
230.208197231865,5055.68255004586
118.858633404519,1398.17079694968
181.783644954353,2648.81041621758
121.127691528005,1538.14206922655
161.674242782008,2033.38329703597
166.066051358677,2400.85652894078
140.330242832895,1771.06578366326
169.76945735243,2923.58461407952
192.060775602288,3521.19059463829
125.775920508657,1184.17134298978
194.569796903797,2658.16358440478
0,0
0,0
152.244156748191,2010.26239018382
132.273763650771,2021.55089532137
146.764090851902,1495.92736236375
130.520848205494,1888.72911179445
175.642816965165,2753.30644109315
133.299141730132,1960.14417170452
128.979157102923,1063.7032954296
140.832794014386,1537.15701061159
160.527744760993,2003.70405107443
157.403601690449,2325.23707300875
130.104644801804,1604.75291339408
118.324886449382,1106.20498788369
163.027258302788,1876.26901247532
118.523361672954,1638.58882368091
133.254061895201,1413.38432523243
161.707008712666,2143.28751201201
117.189389180685,1332.84442404414
154.06215245594,2273.04602824524
127.781187857904,1831.4039044736
107.581230589815,1283.00199527523
188.918910681956,3452.947856371
140.869288225344,1272.07367620335
181.19446114007,2895.61513649311
0,0
127.013089789209,1667.34487490164
116.910481072002,1156.45275707619
105.195453874188,893.41756822442
97.3645911345971,933.250556157052
160.641648050619,2078.4045300437
91.3347895595886,963.664854522112
150.877349296913,2488.36235040854
90.2743401764537,1075.68393520783
0,0
126.119653133032,1271.61171550745
242.444392859861,5784.18684084669
158.016538622524,2509.49481284392
167.929586038724,2087.9793863911
115.200794061931,1746.7806968356
145.063818758699,1959.72803861154
142.571097116783,1859.21711873491
155.569483367962,2260.53808694427
145.150940799755,2537.79030698556
165.896075759389,2305.5189576392
203.835610475659,4160.54077473949
120.744986832285,1210.2289328916
116.903965476226,1224.05707094955
162.644280182568,2147.31815986583
0,0
0,0
98.4441249094268,980.219766105148
146.712295515792,1581.97806503278
169.027198699696,2429.72440178051
118.425738846458,1387.08110355199
0,0
179.011289944937,2562.31652745399
147.300410483047,1697.31597199769
157.729816262507,2063.67245360697
174.947897446183,2701.23251293069
165.18884943875,2828.31215480434
147.678906383263,1621.31134157536
148.201138944858,2090.17957311723
191.597929829944,2860.24961507285
146.665385208944,2140.82985365222
141.294669677095,1835.66085931017
0,0
112.79315573869,1251.31946110349
127.254429499048,1781.15194344111
186.206628115571,3071.3842597902
131.974986503616,1657.40134387277
163.569610368214,2385.41693296081
0,0
102.937986786648,1142.11709447366
105.627119013774,1084.43077778124
0,0
131.409740317316,1749.75278742338
171.046902980514,3193.78149386344
117.519896859057,1648.51896213794
171.558201836295,2874.10637689348
203.651491938613,4148.10854570063
125.387870409666,1648.20281262673
125.164299544558,1602.61165666467
185.656693346669,2621.54848528505
169.286361969043,2665.16548455844
0,0
154.586215206907,2366.32667225952
146.304349342498,1986.20616184311
130.411685046768,1513.31772139001
155.434121503358,2077.77537380938
164.467789891174,2134.60744603979
112.282740446243,1488.27626810016
107.998694151314,993.243423034057
173.927895049255,2223.37457955457
0,0
158.774329892894,1640.77960543606
157.496933244145,2007.19085220435
151.352439785598,1931.28660373037
0,0
108.672612339706,1346.01350701202
171.495546589651,2879.99677221652
133.347913314598,1797.60896493756
0,0
0,0
131.485885751974,1425.21433240868
175.094801002138,2820.72382802909
192.693395246272,3486.58865731288
125.029056128735,1848.06968879451
113.916460165264,1111.38800774951
133.063530715893,1665.42072642114
193.161408719648,4551.04286538503
135.256926522694,1671.24221648702
114.494297814114,1284.3357892045
195.687502446847,3559.41462965458
153.194030165986,2209.27014784838
202.175342470326,3598.65192562037
0,0
186.303625013982,3145.19408800344
187.024514674987,2497.99091277469
151.655236672233,1804.25307384019
171.608558232457,2767.09647041166
166.818011144091,2373.15934617122
185.38572517413,3121.44483072049
125.772893436206,1418.04479969248
147.589540179895,1704.19954399353
186.628157567252,2441.68042738758
0,0
150.353999115391,1658.64227428921
146.175634385589,1628.48272566854
182.116672200497,2779.61170707786
175.65193250421,3212.91942469542
0,0
0,0
179.091002610051,2501.89354400277
0,0
168.424423521164,2088.26824673321
152.826438492283,1761.4530768879
128.239552184817,1512.09301347022
0,0
131.441696786923,1435.5908813999
195.715431944107,3074.81662071412
199.035388215937,3160.20182453242
239.817857021703,4830.60695106681
109.00920997041,1107.30197996684
138.394230951365,3025.83491776234
0,0
161.60774623783,2327.05056240577
83.7009783580334,1065.91202918058
0,0
195.937847300446,2999.65730426007
172.404283377142,2257.3301135406
157.652148260767,3142.81468215798
125.41259168359,1445.84417847759
138.796447356743,1735.33329853346
73.8808364378236,726.26344874406
0,0
176.7812034151,3089.38978382637
150.607016089279,2319.12618442378
0,0
0,0
143.850680965127,2237.11155398243
211.22693853394,3854.93755657603
199.178069846057,3083.26587444819
131.000474535247,1176.58595728967
216.972458213283,3248.46461188764
184.599955875994,3726.95427511796
174.877910853335,3824.30545340459
118.272972929308,1295.95336349616
0,0
132.091049349672,1496.59804001923
197.201222986382,2916.46947564786
195.393101650531,3437.90927040026
122.788223431403,1352.00755273886
176.010234584718,2275.54296144136
182.964175078159,2692.32586708114
0,0
134.6530877162,1547.41881038471
136.952032120175,1817.38033492914
143.575016939989,1958.99536221225
111.10405065824,1168.53271199095
134.05911349716,1535.6090550831
240.137435063512,3840.78585984201
127.260939865884,1449.77126236035
230.694382998328,4928.32369254369
135.485570117317,2144.49188490693
131.362404917059,1360.60648353032
127.42452378916,1624.25045884841
115.19392590112,2135.77146680634
201.451816614003,2819.7842788192
0,0
141.10267349155,1503.21772341294
131.530701827761,1574.51337556013
148.943849965486,1725.89175780647
149.449956565489,1852.74088313766
136.503339620157,1910.81452825448
169.880780360086,1991.50134396362
143.016485725715,1745.71724000438
129.242872554907,1628.43402296094
174.347188587673,4186.69566065696
140.12228457376,1821.55448961214
0,0
131.636365031042,1503.36504894451
123.874563033105,1397.12300319515
146.19498765641,1576.82115442597
136.793731472792,1583.74977002656
0,0
116.081434996285,1515.54855539345
172.295903275928,2801.80937918637
164.757518121538,2435.15079945807
163.875427648039,2605.6159853807
0,0
156.891440235259,2344.26591839278
121.72585908706,1532.22741014399
156.484998747691,1843.8123585809
0,0
173.941459764227,2625.20195326598
123.412799928369,1216.94114843018
137.727254044356,2242.33808574667
155.840378550998,2028.19424793407
185.371282911,3463.93392499204
154.280887647043,2210.21273741387
180.203352567194,3339.27786037998
158.917512471344,2865.41943875371
134.560548738528,1507.94781472497
0,0
198.413895175969,3514.78265253668
148.67551947948,1989.36924762008
133.969861982943,1761.9906196203
0,0
100.626027609878,1262.42389946645
0,0
0,0
156.975012209366,3005.90627214935
121.601872451261,1410.23940875741
112.551936392552,1307.61783765838
123.424097268876,1280.28854783282
106.497744325792,1282.91421112028
172.496415626068,2014.79119681606
126.817538169221,1991.00691683455
0,0
128.557401681121,1543.68554134151
228.547095399018,4914.1077850506
187.603482146754,2204.24014405425
123.44267732506,1643.12557988176
166.577152674441,2398.60796403081
171.734615011299,3225.4409511375
265.768733453409,7268.89567215008
149.906383326786,1604.50962509964
161.133098016982,2726.32689665171
129.588893153992,1343.01808972706
170.089451057554,2730.29600002216
165.865212215134,2604.20320112195
129.933842224695,1646.94234497006
76.2122927215358,825.400335083448
167.353173617183,2743.31826946918
116.876886962467,1190.1384311092
150.117499687518,1772.49493556834
128.21635244093,2066.0753765213
179.775729927283,3161.19012477351
122.624298420539,1462.41790522179
129.158366853516,1472.28619846154
116.28201802978,1564.10846422679
138.787180501242,1502.95292065421
180.359304217995,2247.79740306527
125.314414067647,1594.49366846121
111.396795048759,1237.77247775018
0,0
145.749913185197,2743.48070521107
161.910039120966,2343.9561102779
118.310204399282,1418.83377749731
143.241667824976,1682.96737857842
146.985691866392,1982.97480515637
146.483846556417,1960.90171301173
213.376646230482,3906.01049790214
144.505212634647,2105.65053605018
134.719309438917,1838.96667819515
132.452120265274,1582.8370033455
108.511315288512,1238.28681640531
173.126164779569,3042.93135893094
183.747065820334,2690.19052779429
196.740360523327,2985.54408953149
172.198311036931,2574.51662219109
0,0
162.457592423845,1793.95809996761
139.351055272891,1515.66748378528
128.019116220503,1171.74158839001
140.067633584115,2199.42089457387
144.957170309356,1932.84759953886
170.187445827737,2138.98988904778
157.66318493194,1922.63386802385
0,0
0,0
0,0
96.0337296313646,1025.68654391902
140.849313931556,1672.81296326607
154.078210615328,1914.88089535604
113.314969497936,1496.426467721
134.615087306444,1401.7090870437
145.901316519642,1841.29321066478
0,0
160.459975917085,2371.74901086161
186.132322017505,3202.39294397073
0,0
200.246722160493,2993.43870210556
141.245203621318,2145.05637818636
139.686394965988,1753.99676730668
120.215544670019,1269.75247630548
188.83438873162,2476.52162243037
175.088885748251,2510.49324719878
191.47408976977,3483.75864935089
0,0
0,0
93.7902095272718,1077.40108327731
197.824055619661,2464.43059183263
242.317084491973,3117.68857190563
131.662748720052,1731.97837336865
194.057009620148,2941.94573681909
123.218192270157,1358.57729225207
145.448812709569,1781.64996282296
136.55715628318,1539.81848128801
125.523201316933,1501.23393874879
122.550707252277,1054.80362419063
0,0
168.555575739053,2107.92691875943
136.61205623448,1440.30020980213
110.479262909754,1374.36252663086
178.004732816313,2700.61468352284
97.3892857560406,885.339260928558
145.556187741769,1823.76125683636
0,0
0,0
97.4008426517091,917.884620530895
131.11843589458,1256.95449136205
177.979058511657,2454.34527958616
113.607036051649,1377.25638450145
188.753960491393,2611.50085769291
318.87675759128,4197.61676678179
324.845898289203,4821.80767693852
268.50153188768,3559.8052327443
310.71800895693,4643.59501682045
227.268038702125,2375.59438668714
268.115010010522,3316.54418201214
0,0
295.376895598479,4592.50230468236
260.143629444709,2931.50296029204
348.1765521742,5097.78670001277
247.909458620171,2627.02415926253
319.141543038044,4454.06064177498
236.063590809212,2816.88076913302
0,0
271.703531248248,3972.85952098615
0,0
250.006518672806,3347.37214525002
345.07785857441,6193.3429881257
355.596965556811,5762.98673771366
277.119076994118,3143.12413793911
374.341700482671,7520.99847735545
343.471136139282,4376.06379991265
317.624750865222,4456.09439285915
297.426154758726,3677.70512780861
291.677706076633,3754.09992352044
327.356711563755,4076.75416366652
349.734321657399,5259.26516697275
0,0
410.090567433092,6703.14712088165
280.284045689436,3500.22557756604
267.552673104987,2930.64022166177
0,0
321.44501877566,5658.96016479242
361.524287870501,8184.3714907496
0,0
339.710387257058,7912.69238099846
307.818419899021,4202.69689989236
481.870075364246,12592.1116988629
297.418784710431,4421.9000102208
341.681580952329,5302.01994139353
363.781162023601,5387.54867841158
378.808319471061,5653.91020198769
0,0
321.696887925459,4649.92453913308
346.535887890549,5257.14832603294
293.194305008322,4126.01973844035
270.960496656541,3544.27779936295
323.769084172372,4099.79001613126
297.052014844703,4175.8370531757
310.945159452883,4658.51502591291
381.808678408403,7317.31427689954
297.463704768103,3998.68096034548
390.381257785835,6512.57638686397
404.456565637327,7750.50146969206
298.379712557559,3869.56766729545
314.014976302825,4507.57806660438
303.852953430672,3710.62907436261
319.149421296671,4353.9948875194
310.783596336966,4277.9844845255
380.82852218442,6988.37958550554
387.305214951774,6712.1744857255
307.0169429288,3725.49373938732
306.171728416301,4351.54827370822
328.78291833786,6261.39216048585
278.928109625337,3694.17078226891
371.774985006876,5415.47101864412
421.73339904025,10380.5571004901
280.437837477278,3875.02317436627
388.994112235644,6614.42097079558
413.285770062098,8057.37195351547
0,0
395.630262263016,7028.72544245579
420.588959813684,6548.82435474561
444.055739207236,7614.8660354376
266.116657592169,3166.89965676399
349.352527379287,5089.70414447923
397.297045811537,10653.8581779795
365.932961762642,5934.8307125345
266.124800704026,4131.64950360333
0,0
264.765630026083,3813.91178396463
226.719100250532,2385.52271463746
362.076627224981,5528.74361023184
250.969257790835,2822.05539921331
384.968450853953,7113.23282051706
304.234370531921,4541.3383652299
302.750744732706,4263.64214565774
343.564745555255,5135.70155867914
308.758900699912,4718.0695807609
336.037179393988,4686.21685490493
382.909441297239,4709.01500685564
381.975866029144,6590.47036011247
280.859245979674,4390.84243186886
311.785929368697,4024.91951084281
360.217214897342,7974.84135512107
309.610246698013,5011.52119780273
295.13049573477,4115.47644368868
353.589823416534,5132.24792857804
292.778194075133,4311.75997799286
266.00916974527,2792.9504418453
335.899470646357,4811.03158444088
288.970768227595,4765.05632210717
315.481740189602,4227.79450660098
365.162426308993,5776.15879539263
279.664693707158,3990.79830107419
400.070191175562,6232.6368220112
346.050456216333,4436.88683772682
362.946763168743,6143.27498669724
0,0
336.517025323144,5498.69122672164
283.831626581201,3136.01849144277
0,0
283.536697891675,3865.04300856286
318.792695087581,5790.49860212841
339.403706615853,5316.87641640023
0,0
316.595269602212,6756.01264350882
417.744815494403,9600.30808223334
415.72539054219,7096.98512827975
307.60618853178,5947.3904737724
291.872722995015,4735.06869410118
251.421986754506,2889.04200104949
302.331426964538,4929.24063833529
409.399089588605,7255.86856598181
343.020663380894,5642.86238871674
279.168267299634,3790.27214733754
287.053924444484,4953.93286908689
0,0
394.853014798678,6672.61428724445
0,0
274.400918248398,3776.37037278567
0,0
288.31548939082,4867.23659899459
0,0
293.767592312973,4067.08129781982
336.144899386011,4987.70809900364
306.178230577129,3784.82333819539
323.224125228686,4952.41925888814
0,0
326.197430313187,4154.18286472752
311.180251253004,5093.82975803414
320.579769436568,4635.00198868027
283.873599867543,3369.83206073143
357.749054081833,6582.46817800391
330.786486914805,4160.13784256557
350.417237845792,5256.70637763023
281.863940451561,4083.37440621433
289.530554473269,3683.06445667798
390.800389450388,5551.76565514529
314.189605205543,3777.56227752912
310.398725765147,4972.47657423947
330.159289031439,4494.29671103541
0,0
0,0
0,0
367.453099201135,6339.3178413487
292.801898079416,3645.34771959698
298.084583777398,4742.57522235825
432.599916319993,10220.1582435477
373.235913977467,6112.22342215337
276.816848430473,3167.5600932348
0,0
279.756166919803,3858.58447732908
435.968921638448,9020.40740315173
279.845589778639,3825.99071746603
258.588567688035,3818.9529937852
269.034515404326,3176.16869267176
246.714944136164,3410.93374836646
0,0
339.230529877479,4940.65925754339
237.404479732736,2806.69015922075
334.866417705192,5466.24786579608
0,0
0,0
303.64786851237,4132.27460387142
305.560933236776,4821.69562704536
364.12407606794,7178.37308461557
276.182143572488,3276.35805408211
329.169854734055,4221.76376629798
376.850021756384,7543.39967770227
0,0
0,0
323.778443587938,4965.90919455597
0,0
339.394533680732,5980.16547582529
357.052598245172,4893.16979155282
296.676713027249,3409.17775013346
294.432126233018,4550.41955820674
342.456323176522,5141.26907344689
356.167646382278,7669.9060039434
321.456452759307,4794.01037943921
351.957377427854,6540.22711409007
340.154282188567,5207.56971369706
311.847159385372,4215.25824728638
402.950154947166,5980.90973893856
265.845761392612,3307.5905174978
332.339147155938,4726.79009280242
255.418239321628,2614.57169221147
359.513907438412,5783.52703237636
290.792353186789,3636.4375111659
350.354271920259,4831.88440459644
344.95759832232,5046.70979970048
280.647674338121,3384.91935361499
262.508100706222,2744.24831096526
348.477062799698,4959.71293229275
278.917568013457,3235.53646297561
289.582357272118,3854.8330085928
343.146816528757,5790.6795142206
397.185848079876,8240.26933250802
0,0
377.886186245906,7508.08060392875
321.761717029614,4410.581580091
314.645588389033,7232.72593107126
315.859953380628,4697.06457231503
340.18783570161,5125.57610576985
0,0
290.731645170101,3514.52315468082
0,0
0,0
328.106942373999,4949.6586517917
0,0
334.77488059679,4796.7120133781
271.787483382428,3180.79329025032
415.301230187676,8987.73813312284
369.701817282397,5946.99214789917
387.795019559078,6770.18517890799
325.366904096581,4949.38452446542
312.611925073206,4255.93070098212
347.592239269603,5509.92899934698
342.62615485628,9430.35903472056
425.530193950081,9756.82594161445
311.731537168518,4758.64044085415
0,0
290.937052878016,4451.05568075623
0,0
379.693149864409,6143.58504745416
334.975523153811,6766.92764510246
296.75294664547,3414.52449120458
274.106234370334,3821.4005872517
309.020784910284,4881.02186437515
0,0
400.328191273524,8300.30012391411
410.43902334506,7582.46926756543
270.795181587322,2752.98689932463
361.188773925951,5287.8367650027
305.444500715515,3761.94698857755
0,0
328.217812538876,4315.48052761746
295.963536726418,4789.1567984442
335.718412295971,5268.1273630619
293.941331532495,3667.88523067674
297.887615454003,4007.12332368213
384.251647589395,6332.96409020934
294.735605645874,3788.24622075503
299.307233785465,3773.27093685214
247.515883107327,2792.50780070461
294.528322926892,3572.98489928567
407.526968595411,9057.24802057963
0,0
384.037113336647,6858.0009060355
325.747638150668,5565.16530479771
0,0
372.048446326285,5151.00342905729
275.809687375967,3275.62433020564
328.474395574917,5319.05374092279
307.092847407908,4804.31322933234
0,0
317.513613788028,5161.82790708307
303.593736275106,4718.61028529431
293.465864033403,3800.87962425713
265.432544271426,3269.98703601988
261.931009618689,3535.81076908519
303.234018637152,5182.59550612418
299.318984039644,4372.93307973258
0,0
302.16368788296,4732.50454872235
0,0
362.587265969315,6064.32564421443
340.963752992658,4820.90591300609
349.229171815895,5871.58392982685
303.406958968399,5272.00490515254
396.13619157604,6431.22358219012
311.325863683749,4294.9081328776
259.501620678447,3119.24431217314
343.619965846446,6194.16947073662
232.181770865359,3293.21855572531
318.34218067798,4204.04358486967
363.717918772371,5620.52498100461
360.413538396752,5743.72245831847
318.275287828974,4031.65650799102
0,0
351.176643647027,5914.51360301227
293.149786731565,3774.24990490198
291.389153040119,3231.62740389321
341.477900211547,5491.64607938785
368.199380101811,8125.80378280397
271.056112999582,3321.44474608468
340.522656659366,4576.29710637881
0,0
322.780961487377,4766.43694001079
287.186773639527,3322.76227135239
361.32577082369,5716.68785923588
250.980383927192,3072.61800478123
293.320824259069,3441.29985513431
336.456512723864,5181.27359150014
310.361780095681,3995.77186848573
0,0
371.107912528685,5615.20204045443
272.899191209816,3171.03155336909
358.453098033641,4722.2031289142
280.762735433389,3552.30588864459
290.673066179053,3535.57892343743
261.369677116391,3577.9271807258
358.068018566401,4853.62780861283
392.379548719129,6922.19279058996
373.380024593376,5533.38706212391
269.862790130165,3265.51299970515
335.273645570984,5060.04297972106
387.021599565886,6113.21048451399
436.830799780956,8853.09920683187
315.474874734654,4282.32200421116
259.277713210537,3534.57875777041
372.416897046453,5294.8212693003
0,0
329.681545053232,5737.87986907039
331.467768836825,4617.92214131627
314.57671670415,4869.1587460997
277.676863696931,3459.99536209411
382.726886171482,7803.19604612756
343.050707140613,4871.19970116624
291.02461626889,3608.33413755343
320.229662076531,4195.34586318061
368.52925495909,6142.65479275449
348.111449376393,4898.76587063366
321.062582920423,4691.69279583413
306.620957112438,4130.64986207326
363.816381655303,5247.70541530564
340.45984013672,4859.39968554364
330.654830460984,5531.16648859287
314.495376762715,4061.94872055944
388.12462247269,5646.14550066724
0,0
313.334169447311,3797.72467031146
0,0
0,0
335.264931235711,4832.74856429532
374.323557183338,5564.32582546089
322.644350783819,4616.77533423821
0,0
311.830698661949,3509.58012906517
379.273915670554,7710.76113687046
340.898953156603,4137.04240811537
387.298747825038,6472.31885108739
338.88856653394,4876.67504428517
311.138582946667,5035.31951207636
345.153616547164,6068.3644581613
301.159152167753,3787.87413241065
383.931006910181,6920.56131783765
314.008986831201,4417.25468814255
341.808716890485,6635.22195858963
297.035098978984,4788.1769383171
339.775377294044,4605.83279318801
306.602231458937,4691.34397181987
263.897840050399,2777.2411141547
322.903117645787,5391.61476816417
0,0
324.776777676426,4733.27408048327
347.545603822982,5321.09675397686
255.339928556607,3457.26151750282
326.751359317845,5359.13622516646
357.475431393347,6207.83600161608
265.386219116417,3746.08833990625
332.891779530357,5447.65823477445
312.747498271831,4715.97470444719
356.553050517255,8021.37693169745
260.207405538109,3895.77508530823
275.421562782787,3465.17123724281
274.963890220227,2790.94636181957
410.748320162964,6639.23476696202
406.641354329468,7781.97319750397
303.85553003494,5306.58440614648
0,0
305.397671092837,4675.92215247322
278.713499509628,3601.83425086261
402.633408443202,8269.33558300586
358.485926599928,5617.78229779807
400.251507685575,6702.03550152665
294.192406460653,3960.16503280679
299.30241672084,3830.29882568372
288.176484642823,3654.89765156379
281.087034375005,3251.71248782531
322.670809872276,4986.03209393482
338.317883057108,4694.11397887747
349.936049998671,5187.39856453895
320.016278381368,4434.87339637192
0,0
370.176306658276,4989.89295239716
342.278412685167,4927.20876412276
313.257877114839,4846.42235596498
330.298342546367,4750.98822006817
312.058142188252,3990.4293668856
264.639116085973,3911.55859346432
308.488090626249,4499.5308102335
350.229457128869,5384.46163117577
0,0
0,0
301.62796146264,5124.30438770622
355.738944034999,5289.68978037568
355.289478138016,6275.1620311396
436.039679469069,7333.11941123321
391.520321708414,7100.77866652548
299.570990780684,3665.22210495204
278.703716207051,3763.09474446171
417.727651034049,7828.76795379155
411.503357629626,7394.79010725792
280.76397178352,3655.65923521988
337.148426008718,4695.93915843592
292.717232002734,4228.69719130957
330.633865536042,5108.26066578675
368.203654654719,4783.31575695643
353.223694982576,6527.7015661255
322.84552111708,5659.89747754319
354.531550850304,5455.02042538722
320.579419148157,3443.50494775999
0,0
255.853384877862,3156.73050654325
0,0
307.03291030596,4217.90128868852
357.759035446051,6096.96005981461
261.107685334495,3428.46056485187
248.360063607062,2999.24004046619
284.045447583435,3649.4143813131
387.735581860492,7851.84701596946
0,0
315.849679026511,7140.96683889742
0,0
0,0
333.747246582119,5164.82821683165
405.763579918281,8552.41991859446
296.330881861718,3708.39686302895
297.673751062329,3619.78094278206
302.344891124622,3454.85219702096
361.209401914549,6000.21911795006
382.325352368039,8274.67054637046
308.718146263665,3755.80471780965
250.913556361012,2955.51554774114
329.695751844102,4652.85783113716
277.305190001968,3494.95553193392
350.529602823042,5561.46967397726
230.696651814147,2350.91067510289
330.861427803936,4809.08275323677
393.642510424082,7667.41455979557
307.719374506326,4942.78264689921
400.749974066429,8653.51796648122
264.660411541887,3782.58125970482
487.63570549406,9502.08745231321
279.700993250209,4500.05597502047
0,0
270.981715317169,3693.99768533513
424.347916142182,7594.29619197083
355.377612881875,5064.59136444223
296.766675202871,3596.91443654034
0,0
328.835239967517,5269.23590464609
375.261797941143,6038.67960812156
292.308849111707,3635.35854833863
307.068966975463,3631.26756936961
0,0
351.514812961671,6154.00112060127
315.861765346341,5129.6315609247
381.294235422053,6426.45874256684
0,0
377.692553959873,6133.30957623653
0,0
380.231589092938,5725.16344655394
360.421696919368,5331.10204337617
287.03031245318,3450.79662661663
472.490416346736,7774.3306183904
318.475597354119,5032.32414843497
311.364652368921,4288.09853628281
332.19215222954,5248.67798244434
333.13862217861,4200.60998580471
436.910082569741,7451.03995373561
253.048103433622,3310.72313361628
330.511846593967,5015.20372022505
367.259215595162,5893.87180966726
355.147301625568,6537.26714878747
352.375888969787,4656.29349763062
340.882872031125,7061.05929929214
257.918346206272,2829.33171539733
333.970128464486,4355.5950220621
295.162778744113,4114.6089141565
0,0
283.547534940419,2875.96476870879
258.096537995334,3189.68054297571
302.507547952946,3627.72533165003
299.811033160006,4238.13739943475
290.455701160727,3914.62568212418
337.927613893539,5452.45558614545
278.642899851533,3725.12329979432
291.478481723267,3859.13292130221
321.999890246692,4062.14828516304
393.408105445908,6009.66854920034
319.541748380869,4922.03563402146
0,0
283.348096737129,3949.10504028199
338.598772892691,4389.7835089533
358.122862921131,7260.55163374075
328.844592448453,4223.42600694349
403.379739549895,6389.30712910562
307.371198526936,4188.18851268119
331.89275331146,5534.91161393749
0,0
326.549987456644,4560.841667299
342.343732016053,5911.19968002251
324.16746876095,5427.95470968601
413.791397372552,6575.91352413742
420.12548571376,7402.38090110717
405.524068013363,8335.98214200264
400.479510484507,6027.3720013167
285.113786078827,3652.44410451769
328.864881337824,4907.23360686013
0,0
281.707253242651,3434.72151022497
305.918144964179,4419.34229302124
380.791496888003,5880.8214968555
0,0
301.173661590659,3336.74490148789
345.827969423926,7121.45285277305
331.455969268064,4357.71602726196
326.429157535347,6430.52429884252
260.704224711156,3190.26953798863
361.761089948919,5054.76135717733
313.401841083867,4649.25053114306
256.30934032685,3048.80401148993
344.138793797548,5230.6790658676
363.795880279211,6782.8332424087
338.648794443623,6906.62063450665
292.776405224332,3447.36594500113
314.55038735482,4191.36527290782
304.154914234773,4157.09595369451
305.57264586604,4247.40045468552
300.32357483446,4996.34989187447
0,0
338.646236671052,5689.735343474
324.178176901215,4431.28998449799
242.577516468018,3580.54459012515
309.972892356161,5104.79460735719
326.071843640656,3751.42004680649
399.247248715914,6262.00461209409
397.025525634159,7339.70709511155
386.529497271215,5489.22329470855
308.170981906634,3850.24859339959
350.933070921889,4280.82543822277
355.977084562407,4986.92999115459
0,0
315.863044042878,4144.18347640959
337.164675132701,5068.29044766099
0,0
326.554302111543,5270.75728608969
329.829458039045,3660.05235513915
497.873635999513,10437.8229281095
331.120230276741,4974.36727415274
265.207592012767,3861.42842573571
433.768556737071,10666.3652523378
377.915948305118,7721.54022662321
269.887248160124,3384.52010345982
393.841091225239,10200.8459386672
393.072435491042,6274.32308914577
373.071836966962,7112.15677246789
370.13359416944,5358.65836563254
379.339240753222,7713.92908298861
295.094121297793,4197.84908975274
291.698085133046,3360.70463560882
416.874287372612,7843.59308444463
353.12968112268,4626.50143466644
389.097311510253,5602.27732972099
363.984363753223,6201.05825921267
347.168091866772,6666.94656565818
265.779810564783,3189.11004402675
501.52473515383,11648.2580002103
323.899698470911,4435.45129014535
303.326135813703,4264.2468798026
396.496303687743,6850.53466218794
380.04198230782,7865.12126053734
331.24130448228,5544.22971294791
314.575989888729,4608.74013084592
0,0
336.188261022223,6797.20606086035
350.342057205255,5997.38323829403
298.343647663779,4691.56360460244
353.534620915689,5779.99066870055
241.45303418,3222.41183842661
285.157883511397,3831.82015660444
360.447774895907,7421.17729232475
401.927039200785,9359.48210594419
292.790683847838,3579.72807389016
304.808492262689,3950.76025063211
317.84244973624,4582.24565135652
305.197894539575,4162.39921978958
259.840848349382,3256.88321336667
338.202625856946,4748.02165255571
0,0
353.971250242762,5145.54818361028
363.194429114631,5807.79339460693
308.420557014065,3623.37369122172
325.646943604422,5003.66107273653
334.615596370334,4896.31783844435
325.235706251266,4913.90416265769
310.364056489382,4833.90713564564
305.680789574166,4702.82158663583
0,0
323.822761944341,5262.70754369417
315.258991208606,4175.5809205427
351.282866093189,4857.86219850352
401.324904382288,8329.38013576599
345.443768787689,6494.01556698113
303.333751175699,4718.15944281158
360.196995119781,5895.74185145855
314.524762896271,4912.32361898678
353.311922926413,5951.07313568659
425.026204462892,8983.06371387694
0,0
264.530903672395,3241.94730388548
318.167131248115,4751.26654792045
0,0
0,0
319.950338958745,4743.81062532391
320.080802364613,4081.43830354474
298.246861782573,3532.63628144782
287.952866977955,4055.94837258799
314.922455518009,4440.84080388334
331.536962502926,4934.08042675623
397.24882814922,8719.28483246265
292.080094711168,3909.02592892372
237.300875724758,2931.87614670498
357.187414724338,5131.80428717384
325.581410571098,5816.81009330151
278.417652142457,3259.84903972171
304.207252756618,3890.72908237277
324.625876929793,4765.67097691316
283.213767488563,3143.90991263416
367.649123906842,6567.94675806333
253.609161853397,3512.82642015741
309.908076110632,4424.14827781235
386.113889860505,6122.33718439158
345.020459599551,5751.88587588231
283.407389082473,4125.33565317692
333.985655160621,5108.07645643374
421.728643897608,7650.75489375309
251.019568644735,4338.86230137307
379.016284450219,8062.77548028259
262.477369308771,3193.20204640187
280.683085720845,4183.27467674517
0,0
0,0
406.945614328265,7409.98328090322
0,0
304.532049482733,4012.81827846081
345.55839019484,4684.02340599016
319.516883985855,5489.69986085739
372.762145247779,5712.88685576708
491.989389280857,13037.4034442474
397.482905790097,5453.50708115372
284.273080867991,5342.89311846492
276.882171495308,3772.58990678322
319.145628170935,5466.6034534093
389.148114031464,5901.50260514142
348.868488405064,5799.660087886
305.508593858686,4574.20158769665
292.492623372738,3994.5875866922
389.904088113196,9159.87613769281
0,0
343.144883258396,8388.25049053393
326.921014747841,4948.80968077488
301.059745389496,4233.91190908735
263.36435604794,3581.78190090219
292.729733004272,3664.90637887748
328.719766648048,5474.32707056424
309.460110983561,4194.36938847944
389.984414733075,8729.42753479021
304.350539465801,4395.47700760491
308.767169623524,4228.64828898452
281.209412104692,3613.06377156818
257.906467833622,3488.1519274165
387.69190877996,6305.85309596288
376.711190662984,6595.36183048056
335.689477847726,5334.93377119791
353.194353895505,5841.60987926389
420.534938114425,6560.58541099662
398.567106965316,7071.21870774057
300.294571228877,6329.08187144209
409.18126498015,6786.55360411544
284.695796422479,3707.66570749619
355.140660454068,4852.22660827338
309.429993009947,4241.13143540979
304.738407446517,5458.8795128147
342.70665484304,5498.90606162275
0,0
357.656550054774,6139.65437195915
396.219001385935,9245.22886878351
312.613988788269,4031.94376576752
319.251858736231,4779.23944438358
297.638441456447,4115.51988254837
307.323342060067,4281.36190892966
358.928178338226,4665.54522637316
376.454169913978,5962.32120782784
313.288572989842,4632.36618163517
348.195256506774,6882.64403699292
288.235088277042,3753.79560023691
293.647598073675,4451.73822308046
356.419325545016,6611.48061062099
262.73572014002,3220.2619528352
369.193795918774,6322.20402870103
295.621349981372,4098.28571997006
367.411485352735,5997.84978070685
308.244368852743,4161.22498546529
281.025170205939,4101.68540126956
419.484859944498,7683.7821574156
339.855128430223,4788.23764055496
0,0
378.332550846471,6379.04145515088
0,0
294.200948494266,4498.34295369558
338.055840704236,5859.1119881015
331.31991115039,5283.54910573122
281.554534746841,3221.72599519383
308.992023181909,4720.82036876173
395.867715140532,7278.13855823256
394.48132632187,6097.72347940498
364.409321466645,5609.66992502817
392.040204368877,6910.25560477145
265.908057020255,2857.69282887459
239.020426437676,3238.31657568877
270.522584098838,4070.53892957102
355.553395710555,6111.20743118974
359.638713018984,5154.9565184881
310.413846556545,5621.17674889129
247.747035796988,2575.67863025208
272.247897645702,3056.39563949428
268.992417720953,3522.05837935936
308.886288754062,3778.1611540725
353.902219506093,4633.21126401916
331.367203252994,3983.99587761672
369.172839404654,5297.52172107138
380.782750866822,7329.60545476166
326.89476482864,4829.40751743452
355.179245691638,6910.96229941443
321.242132062673,4388.4058859354
326.188891926079,4902.08866071974
361.11560094433,6270.21639480473
355.57931029111,5009.60619533121
339.328985546079,5853.33861202404
353.816446544995,5562.36869321988
284.135751143436,3643.11467571561
292.347147892117,3830.41952959298
300.879764433932,5119.97849634265
334.223830795904,5169.29446972606
311.949345123635,5972.97978408764
361.835250120477,4767.41124320219
255.001144224288,2786.20490292388
0,0
374.714548976379,5608.92651761722
372.091861151434,4824.76438388509
288.415464067329,3574.04395221743
396.460046896175,7075.95889414637
425.998720586863,8857.89700478875
244.392447893677,2687.16801949199
389.087770844139,8101.94989006515
379.826348168158,8070.73153139286
301.854942765162,4119.49142646504
0,0
0,0
242.438439670217,3434.55173098067
289.435584117387,3939.84583656343
314.658328420779,4287.17361003682
0,0
327.697762191546,6020.33280589907
371.951716100541,5877.58051143582
0,0
0,0
319.066295396709,5901.4950422001
332.814593924702,6155.46910381023
317.409527551874,5217.34411555713
317.264189379586,5364.72461990112
0,0
286.300765563841,4039.76855303378
300.592303610009,3846.81535632597
300.145457287335,3877.99938634751
359.580369691426,6101.5466588188
368.466224012646,6818.33869341597
330.092773428061,4545.30597519059
223.207022561621,2522.18047470496
336.374500502972,4955.27249680334
367.20891288663,5016.692824855
300.157534014286,3503.95643930825
327.434701092168,5186.84752112033
340.117192958357,5128.69675519182
319.965925511806,4355.38539118536
374.947311348297,5546.64334139224
276.5112471416,3872.33237276628
336.591022160783,6043.84209431625
293.735211375283,4109.37655415829
478.009430023257,11993.6642692399
280.700694290895,4093.49506464899
285.713915067415,3814.09638675016
284.136246922896,3431.72723326508
314.668572776411,4253.9683401672
338.954304817988,4957.49671472296
0,0
314.116789200901,3878.48789087931
361.671823039201,5071.2071999633
306.59945393254,3987.05867020091
0,0
383.258150646952,8162.06179495072
347.995188109374,5314.25092678602
338.613143308187,5580.1243835903
319.587414088938,5211.87394345129
334.674975396744,4619.35892566067
274.336919661501,3948.94207343818
340.17263558311,4506.43355005171
315.617709474908,4231.30441772366
353.803382220389,5881.65611476217
285.79121364953,3685.35539381082
457.885565648084,11764.8170653095
365.335421915878,5341.59568465829
312.229857365263,4541.46549326886
0,0
292.990702174574,4145.85922812732
322.399279401285,4106.67993287851
0,0
354.889053355523,6036.45528234332
350.749526665782,5107.64942586217
300.466678788249,3656.5964457674
405.757084453377,7086.46269771053
375.161363416154,6335.23329262783
0,0
282.624409379929,4053.32414745719
296.505216069505,3410.14066350964
284.251116143566,4123.43669375741
0,0
293.400903097042,3837.41435011806
275.963404987878,3661.02379173867
313.987935619726,4799.6136399975
415.341561052628,6881.11429487107
262.845233493164,3065.20751328692
303.522879256555,4969.76288542934
304.683392623726,3669.86230780546
297.248741506394,5351.95397083211
323.381616651104,4908.10306839487
341.881825013733,5161.45662527103
318.854513968024,4896.95082855373
259.872200428193,3595.73168220134
269.852472940331,3299.47928395095
363.46059986605,7091.38556804803
382.784027194935,7459.66944021321
384.566230878912,6296.74112108392
454.915009671525,8185.02362359787
301.544862633025,4439.16658912277
0,0
345.847926708476,5898.75558842166
0,0
324.42152316089,4385.59642102383
314.679631019034,4545.20339225965
266.755922068535,3220.22487144498
317.713429739755,5015.37439418899
343.719064452848,4779.68317644421
371.123288432518,5448.84435616136
353.361195996784,5998.6971722335
0,0
304.095587043729,4611.61200303342
409.064639319763,8716.93597273393
442.537854115924,10642.0054887934
396.250463025163,5947.20879358395
322.08948927556,4082.5833626937
361.865869360544,6165.46118608884
333.193504071717,6254.42908868081
415.428396605811,9627.04253596616
306.978535939617,3687.84546360072
306.617062566548,4176.11676195048
328.109615522045,5568.5199199062
280.786355589956,4434.26777974466
300.340687454166,4663.87357547179
0,0
398.170437689753,7413.7850864267
273.873284151744,3401.77309896281
0,0
290.832221247449,3840.36091091341
339.369528991883,5788.30534053419
330.501031470798,3859.95159036547
309.328144404416,4447.75125478226
435.934021307646,8564.073986144
268.006034757203,3558.56942086365
280.448935676561,3520.27011275241
273.456207539424,3088.83347096252
308.217125886057,4481.77720492849
374.535167476884,6070.37841491874
0,0
351.482000705649,6757.55145932592
374.864628726436,7806.0145098665
269.534083190201,3312.4712004111
350.818157058814,6883.9304869292
0,0
300.058321062142,3590.86672776542
281.807842489219,4015.10564508004
308.560193248554,3546.95430508875
297.647004870859,4157.52127330069
241.62994712801,3481.85106998705
293.027018220912,3900.68041411488
0,0
270.842584438354,3466.63152325052
293.956584219458,3712.3582719
0,0
316.101528552618,4301.54613829944
418.182709930632,7144.45564470258
270.764557745365,3596.61035945587
345.611937497468,6154.62751894434
362.223017269956,5602.35317680456
357.313482402636,8143.8149046263
399.753191071125,8393.6160718005
337.177377969916,5090.20534246313
331.471732936222,5766.40829405484
327.257947994327,4958.4908044653
299.710900452154,4743.26973384525
336.408606240243,5448.29698006159
297.49729945167,4135.38997439583
267.90023014104,3517.25471945605
358.466619577215,5507.55320384949
0,0
403.070762143156,6990.12401787805
326.089538131834,4106.30603842552
330.096026139954,5465.84984476477
332.830951147703,5881.434507545
359.848595657823,5520.15523118394
0,0
0,0
0,0
342.176092323691,4897.92696114241
343.908957357836,5106.05108682555
342.466872122147,4774.94925153211
242.651159929645,2688.89857628704
282.937609068968,3979.4352355416
338.122555062663,4825.16769837604
0,0
290.186680488527,3649.85312216727
296.131070841346,3500.86191816783
0,0
322.640733424033,5990.31548278532
305.402188721466,4647.02497848476
332.863707416971,6744.23014386748
384.323262912361,7390.81557364046
389.090541136203,7126.3955671398
284.002875620066,3051.78571550902
403.190126476118,6910.57345868557
350.382280404816,5618.73591213324
296.426256270248,3528.01825859042
325.884304758566,4561.65199260098
331.816282775192,5197.08573830936
288.130221531155,5171.71296000971
388.390091207997,7775.30040025203
0,0
289.297587873919,3789.05679526951
325.695498679322,4635.65835872285
308.289535142812,4526.97479429475
333.953492306107,5045.89248449236
246.37666078781,2566.18240920274
306.028389973832,3675.88765184508
314.085400031635,4724.77165205208
304.928439772541,4090.04352136682
281.153950976969,3711.96283566039
307.005327280048,3476.54793139902
0,0
355.187174438175,4526.39443103434
328.962669619996,4841.57581509803
313.995268891229,4502.92894812323
315.808161672338,4882.87732093131
373.636927223744,5928.766516404
302.66881947341,4113.14136764771
247.615275422777,3109.93413741614
265.427835275715,4506.20727530698
327.873312723222,6256.66990176326
320.859461303418,4502.73540577518
381.72952905841,5274.60128370623
0,0
319.548596183872,4217.54412004948
279.45919066786,3350.5335575341
337.631563666837,4093.41158825188
263.809529931862,3762.38384426914
260.736199637323,3003.20498368246
290.811953835402,4023.97989751415
293.332382680382,3798.06807397743
0,0
0,0
376.804368684391,6834.71023766427
327.557946373955,4162.57287334835
382.560695467564,7373.09962534703
0,0
277.619847286721,3418.85981791099
