"base_value_negbinlin","bic_nblin"
2.08797292597425,181.772816784434
3.3295941174679,204.518229254113
3.4369700372562,201.856565131416
2.5953215553149,190.993895520611
4.73297338082273,197.234938170623
2.28889099880554,198.932834452353
1.71044156675075,180.585614389881
2.50000127963541,161.503935122622
1.76045859739949,207.860697536569
2.60992980469499,168.59424045518
3.42095106707551,198.224423707936
3.26201282353456,207.710899774514
1.98200115952285,204.340259531814
1.76202321352953,182.800188172424
2.44864114607063,202.278592683455
2.45103581400418,190.411762571433
3.55241200392201,192.396109052021
1.0334364686496,164.897384080978
1.51881922639115,164.209510596099
2.5725427870896,190.706913233434
0.946749022000145,183.427137015191
4.29820509892089,169.324097959919
1.88266969341142,174.055546091362
3.91311562057029,195.939521579084
2.30242007401104,170.100776959186
2.81255179490846,162.480739835413
1.25230257275048,191.138787022387
2.25837322536689,190.397423200179
4.30954590179347,190.079184440402
2.12324533413248,197.489967749794
2.1057953571193,184.364976648633
2.76902002061197,177.031553447068
2.94878937419844,185.564809955323
3.10816726804745,180.482131386623
3.22952038006887,214.199952899427
2.60993593845388,182.653079164982
2.04375408439694,163.019224144978
2.46328372534848,218.339932417068
1.75856214242934,178.75240006883
2.1150932247289,165.698715305944
2.97090033961265,192.56040977292
3.25961893807912,191.499290575162
2.40465496741707,186.39333356941
2.42933251761365,183.15446422637
4.6727786654243,197.887964301527
2.07758396939303,178.022198213243
2.46925805021414,192.91564640998
1.54802931238855,181.993908198988
3.41749032763906,183.027732351232
1.66097015911281,201.772008125765
1.3852643985416,203.702052821652
3.32897196891708,174.084813297882
2.194130265895,204.960777306803
2.67557021296591,179.242887295855
2.18120395044595,178.423815716946
2.39084433578343,185.690193761879
2.68719316332239,185.812223863839
1.70847397726049,178.418163707583
3.951471029539,207.979338899899
3.59552954183898,182.028055676264
1.48863542328236,170.078264529491
2.03544882060363,194.347453027709
2.7704895743764,167.517164676997
3.25312420842424,199.585741379902
2.08409635676142,179.290618736144
3.27403215373763,180.894858573845
1.94361338532898,189.696199963783
1.8689009771258,175.325036569069
2.4175683308944,176.578189618894
2.2940905056933,177.770060312185
2.82596104156359,206.860093278949
2.07404023517635,187.434750481398
3.29159154133183,193.855926300523
4.0977971080897,172.375025222076
3.54354714158006,199.152381397924
1.66462689886411,164.700296831547
2.71039297619756,184.76232003143
1.55248380128595,195.332487399358
2.23097349815979,195.047088451872
5.52965002152677,179.345287843799
3.43853827857859,169.21560437232
2.98407221367497,200.960085133854
1.90373403560519,190.066758279663
1.67233894587832,180.210671797493
1.72112819366166,159.765057132832
2.54878433622608,207.379216821714
3.48126980324502,201.049427769979
1.73764245540008,201.834317590722
4.48055144079539,210.404263806023
2.75577317271304,216.79066542434
2.34545312866538,185.239011175756
1.12270385870534,179.433006331699
2.27848698829429,191.386193557705
3.11220625290404,185.724177932889
3.55043608628278,185.421241552996
1.71515498298907,209.515565515214
2.59944534925972,195.277673334901
3.25743628087741,205.698423001772
4.65205100096593,189.143150681141
1.72871242010359,183.597889379528
2.2529693157377,198.412124776808
2.07799273747292,190.367341032022
1.81620812830971,177.474486020337
2.24450622286287,184.642224838621
2.46263449545046,188.863565963473
2.29855949158934,202.993496493645
3.34710370075202,182.457985069941
2.19440059222857,194.144578908767
2.38299085552526,201.942606161836
4.32128478766313,184.690013379671
1.94913520270584,202.747349259738
3.27743434072408,199.956906371036
2.52494256449453,177.498487423015
3.96301814544566,191.654594173649
3.87942373783618,209.119093527581
1.74447837831691,202.719108438838
2.48043796088888,168.825348685927
2.6619621599361,191.990568914535
2.70097678494459,192.711591747711
4.62739427571876,196.984483412481
0,0
3.69515837545425,198.77374784796
2.23079456587752,193.244150178669
2.34160305063166,197.182182923609
3.3001794242921,194.765692998618
3.26506487641839,173.40855206832
1.6004004874103,179.385552757972
1.94725537939358,172.390109762459
2.27548601893322,187.359483463945
3.52623886993652,213.809518209809
2.64749260919561,172.860291834777
2.50125749929164,179.844176928133
1.98150202967306,185.709659748841
4.23575212564947,205.353463950418
2.50279740907442,191.572574119145
2.73437662023241,199.369248506157
3.49021751808947,172.962181103011
2.91395765982044,200.260366507649
2.37272934063318,186.734127853217
3.164309239941,185.163850083756
2.23429780024056,209.007337926122
2.2881611235162,189.586819434612
1.64277700754107,194.856980149562
2.25179303684939,188.275145798365
2.88338852812833,194.498603703917
4.21972265643706,210.756828562226
3.19091299728385,194.793479699503
2.83226690985598,190.521448986693
3.10158583324952,189.830945079814
2.79621979832279,209.367117528989
2.36281022039748,197.632768489266
2.38226880350441,189.8638758871
3.6767823827448,192.970705581207
2.27769718900655,211.233862704022
4.51044328418612,182.324534632275
2.38198596102051,196.761737701302
2.450275161181,196.383254919874
2.16537487208751,204.002446292291
2.28384862365118,219.109566816371
1.64562781683696,202.898906661261
1.3817534767905,217.692380862096
3.26914827803798,178.148541617126
3.75673020701087,194.667935780928
2.65232390566222,185.482219690309
2.07756424329215,186.0043295871
3.1395798628227,183.208476682041
3.88411610048974,195.816484601959
1.15567908175711,192.787615448728
1.99381802373678,194.318220287532
3.27478728289562,200.776980169017
1.32908830474593,182.444822114205
3.7545796461344,181.889112257968
2.64764712000955,188.402216384708
2.57142261172859,177.71209428339
1.9691962723979,189.593030837693
2.85040889325325,191.042917508548
2.33852448646256,174.671982200287
1.46729104528782,190.507582763191
2.07580661752394,199.373057805078
3.22096855278656,190.072334320717
2.25393937370081,181.827300409603
2.84110782312341,207.308234892143
3.54890820522434,204.079691276267
2.89374245770748,191.658001669807
3.04103829298813,187.966452394544
2.15550334355102,205.493028137727
3.36480473774317,202.067673961578
1.55109174149323,165.972267823579
3.05972077644937,175.87215382947
1.93060780385909,185.620779860678
1.6631333426198,195.605806716686
2.93564283195326,189.503752659765
3.42900398823236,198.130090656846
3.0560576992381,201.549297301615
3.50124716022774,185.61547244853
3.69823396416964,196.87198719777
4.2330027745316,166.511710149712
2.68553303123657,194.636613612776
1.7992198112854,185.954607080457
2.27620763198416,188.225122857249
2.40024828884338,197.001595499272
2.4370074464857,190.73279050652
3.80595879878393,192.391166111195
1.19972114262353,172.93486567248
2.18415905800586,183.901189748524
2.81080112636822,182.475595690866
2.64504413201612,195.886304911579
1.32752074716554,198.316204592769
1.56626386009444,176.499853569431
1.63180205367691,206.03537529708
2.04620836264697,195.536944369302
2.92459213216836,172.169137767972
3.3704583926071,196.215769690596
2.95897709689115,188.486214465437
3.03012866030378,205.584582612954
2.57761576266977,196.440590139396
2.85132127791075,184.034339429537
2.74826885375118,178.766480301805
2.47744474719994,185.742601552419
2.40404924585105,203.295340051696
2.46107988478991,193.772139179937
2.59898282200755,187.793820847658
2.29010999857416,188.258335670328
1.58835544044078,164.804229658493
2.2351213361226,185.676892895438
1.97550028224567,162.275267829514
2.13872851860672,181.242428479693
1.89321467167711,175.245007009492
3.40669664852124,185.339057293122
4.38419891175366,200.612145160209
2.0541940631492,185.620273730761
2.32763193556488,159.409020614728
2.07933324676322,180.902401072398
3.55681318557059,164.713152354316
1.46186437018499,200.817875182015
2.52266825554944,194.395918531981
1.6382700368825,178.150661210393
2.50067474728245,192.498154418295
2.76651428795904,187.494894024376
3.38368548819666,214.999241349981
1.68109952518701,179.126737957688
3.00456403825036,184.877199839069
4.18821728714779,204.793702691044
1.39124556829815,176.401401974324
3.22845975605216,198.327095866933
3.92839520412896,206.445389085276
1.97310347535913,194.608434445101
3.13940762599987,191.288709811003
2.04027298172899,199.884888448416
2.49604994990547,202.69691588901
1.61570937551395,192.256474018911
2.10594316421246,188.04010950235
2.14891381702437,189.832121286325
4.24910165239261,192.209762682569
1.46026058506271,176.173304137389
3.78214361553593,212.044437639573
4.12567495180001,207.150481636147
1.96085845856294,205.494258150583
3.27708105608718,197.495601292257
1.24533066945323,187.383906535903
1.50537322038262,188.200620725461
1.82302561658562,185.47034355888
2.92867209237197,207.383941455268
2.48572998354698,180.000714214615
2.76781090901243,189.804468134966
2.9364088148145,177.648021181247
1.14842654121991,203.641502006318
1.57464500168695,195.512071005791
2.65903559176518,195.391705031717
2.85954655968218,194.433250878255
2.50984720937876,180.688230076744
1.29141194081864,204.262171017594
2.22044834244119,188.53873047578
2.72562886873535,193.365255610898
3.25296837226595,191.653011723194
1.43400783126034,177.004901577511
2.90046322317938,166.563630810024
1.68135824238092,181.405251581322
2.13904401475927,172.164917815232
5.09334373780404,214.12592401592
2.98808131179832,195.618005022942
1.44317748680522,187.413690199079
2.20125008795265,195.437691652946
1.73635319938065,170.485071082902
2.6611046715774,185.381093867989
3.48074393528274,218.396085841944
3.80414504794379,205.948462937128
3.00707479836512,200.485144484167
2.83599884915256,183.942698302755
3.0629648618988,195.920684787667
2.30821662015338,189.808257629463
1.52851604181177,205.58434528845
2.29142947586884,174.545337185604
2.01894161922465,168.90117255091
1.56561730278257,206.337697940667
3.00132663284472,185.917759937518
3.95965311716384,207.569772153367
4.71898678320862,171.954992321976
2.09929385934686,169.953945244149
1.27146534785018,163.851758096511
4.44229955509274,192.557386091458
2.12587453080779,180.218566988832
2.38556240828893,191.991272895573
3.64598141032218,195.176055203934
2.35853463354976,193.793036872038
1.76688317618391,180.779634893442
1.65370093521308,191.347733794066
4.85281508968126,193.786228263365
2.23163188044412,185.274779904678
3.7646235427101,218.330720238942
2.97035206508651,191.365531823205
3.11292757774981,174.18828967808
2.81194635579811,181.392121768232
2.01209757762435,169.737000767507
1.17510892541836,180.994845829432
3.26543169218061,194.249644963032
4.58245593579306,186.757060850244
2.20995400977975,193.668271981755
3.59049033846044,185.030471177729
1.89157215940796,200.486687612629
1.57933649404213,185.728367798831
2.88492968993958,202.178046829699
2.45998292554301,195.219184010391
3.28853983798002,192.910551088166
3.37431936960829,197.004709078782
2.98451916021941,177.447168619641
2.32759137150302,168.801537166321
2.59180026578681,197.209064805672
1.91006317657572,198.317597613328
2.42928639692196,194.188675185249
2.56922103561225,196.131527429851
3.49134294639132,182.35788416998
4.0922631523499,196.463081063966
2.50725032068795,187.862280291818
3.24946944116828,190.567563620221
2.72842263812765,199.772106799723
2.15226681560536,187.807066584461
2.59639137708245,182.248533378683
2.8425910618589,195.234573291048
3.15275526220509,185.544101060094
3.15450591323067,181.35698153121
1.81249716408101,171.599639942238
3.16117891740882,164.253841606918
3.4120681267705,201.030424499266
2.4763974356418,209.166483185453
3.22780771570005,138.93999617471
2.33969034426139,170.607104144459
1.68932640094176,187.221923544359
1.57510344179765,170.08052923107
1.2582726782226,196.085633199158
2.70878895204604,183.36118206605
2.14226641070825,203.556337307695
1.57325788263954,176.950823896816
2.82011147245313,189.682688188116
2.49343171133939,182.315396036191
3.28797232404197,176.360489218685
1.77319580454136,183.504727835226
2.14064113496421,166.993265728157
3.24436655398194,213.216871092482
2.24201932681912,194.037245426944
3.4908422772304,174.955385214058
4.16068684218842,193.995125400606
3.49320378100354,207.085665192048
2.54952973890357,205.799169675566
3.33495819846561,203.590268767695
3.44023611032191,201.611906167759
4.19851242114176,215.332328275716
2.36690379264301,208.583777067068
1.68965029879004,171.288749720423
3.82907146667279,206.999461794321
2.52114160516611,181.89348281955
3.96094187634537,215.225182237949
1.93205289993234,179.227338164011
2.12238094937619,197.64267787157
2.12557991883376,195.352409341931
1.27662737078344,199.073024803358
1.86608125524664,186.348814968126
2.87417622269237,196.863323532435
3.65071017836031,201.925172474588
2.50738070381132,197.951623197929
3.84926676023813,163.151978557252
3.0562393174196,173.415370964331
4.62919117584597,176.576957787031
2.4773576907978,186.088207693643
1.04299222665502,165.918284851997
1.85237662785093,203.709718584245
1.79815319234667,186.60918513045
2.70713496402966,200.919058903209
2.62920452308184,204.155595553179
2.62114671533064,185.934049410101
2.1567665050763,189.477937174948
2.93240151311626,181.05398769928
3.09878746066102,188.23743925276
2.77483442675421,190.18100019399
3.69124248601745,197.104632950675
2.0694692400297,187.907851762336
2.38275936703078,188.188207072799
2.41604608594412,197.20695987008
2.64477137832107,197.91438587687
3.32619084712216,201.285169694183
3.27057646747149,187.749856630927
4.10755025356574,194.380746905129
2.73526115214457,193.308126660817
3.82273771056134,181.118919916416
3.49243253710779,209.608008944021
3.23695087434935,187.559030597661
2.75944932081509,203.390275808552
3.11425304326739,181.229059186831
2.11216356020883,209.799541018271
1.57424727271268,193.560259131707
3.28181065713001,199.546649066867
2.76747405154726,209.234614976364
1.92157558871438,176.533125012143
2.27984469098114,192.215627768303
2.32066507401521,163.196891050565
2.97249496541747,187.15155425406
1.99893159832955,174.268518791131
0,0
2.99168874648228,180.925233861116
2.49278898541832,178.453362511393
2.07283191360814,193.24422606057
3.47533061288917,181.558544142187
2.82922120381688,170.482484478282
1.25687009763943,177.71272699752
2.38229102661539,177.336504223962
1.75579083554404,159.004767891288
1.72103390025187,189.986209622831
2.55439539033731,200.773614814774
1.46986809804193,191.920543292705
1.67616736322899,168.433597695931
3.50700942637271,186.715918285784
2.77247691022467,196.935115376036
2.50668524271247,180.774459384263
2.13895760435596,196.620505953695
2.65920697428938,185.613566830004
3.09151671762015,189.334767150234
1.45991834700717,181.421325274859
2.019403070042,196.535366577924
1.63027695486217,178.32168480833
3.85727365058479,216.093855609961
3.60484392482199,179.889029036834
2.33892793492872,181.138930612572
1.20258820783936,188.116519530015
3.24652520561505,182.773788371161
2.11825811810298,189.921201634239
2.55744568612834,204.036727064447
2.08292037198469,162.947632964688
2.82719707917082,182.453666869549
3.3365860714958,193.411569895059
1.72763378049472,190.142608294804
1.97990396991969,173.809106906211
2.06768375775157,182.667404620235
2.74128304248856,199.509307937479
4.98122603315443,197.404326049413
1.59785968918401,199.93673655585
3.02402963531502,170.396098158743
1.62337605847516,178.656459285965
2.21353531885405,185.778364507354
1.97278985616894,199.111082083834
1.45796150942749,189.331211462631
2.71005293108015,188.606121302068
2.14158704223815,181.600628422078
2.10378156374347,173.888671790003
4.14700700028289,206.524914887972
2.31209687759708,204.466491086499
2.66367757583603,199.458696952335
2.80279393342753,157.725791540837
2.6066826214085,189.456884461587
2.25549834818295,192.234234153308
2.90248997021685,175.05921268362
1.64615461787026,197.87061675542
2.98510806464188,183.785367632634
2.30942575258405,187.290791061715
1.77983646198312,208.762293288656
1.86011890787492,165.121074317626
3.10478593661479,205.637111099282
2.50110137025711,185.529472311641
1.80634586055854,189.024592128572
3.52133793420892,171.203763698133
2.68914657917791,178.925096982931
2.00326959246574,185.832032460013
3.6522505311981,197.802297764791
3.58979563851019,203.458206594164
3.19752929797841,199.962386681049
1.98524155924925,184.053905363355
4.34247022744369,206.354350668194
2.73613812675323,182.438064370027
3.16921654713344,191.76937316303
3.81546721583189,200.092203284038
2.58587401555847,178.967295047038
1.43684215940419,198.736634334083
2.2735403276193,191.241892707128
4.70762923325955,178.935231657497
2.22533002495229,172.15246111184
1.51055084867398,176.37146083247
2.43526959883024,187.884025830367
1.83653455778364,205.292947179092
1.96888256964308,203.67171804098
3.48453620223236,212.802613133379
1.64824716453624,182.622249301156
3.27208801142741,199.457182114
2.00735914506508,184.979249001088
2.02857124493149,176.144257507397
2.67173473004972,173.814654469889
2.35554658396916,196.992753004439
2.10105425678211,176.593886500631
1.27375657215997,187.503671711078
0,0
3.42109828899897,179.704161757235
3.36628426068466,193.933244231415
2.78684411696627,203.217881565022
1.66345682283031,172.072204409539
3.33050861439017,209.965495793856
1.67617157293126,204.775868343593
2.06022228083404,173.19747038519
1.61790899071041,174.787821702852
2.17576709926543,195.929089930537
3.85605997638773,201.899871680638
4.41425646264109,187.068170651904
2.50770836590805,192.971606486679
2.21628974134999,176.772928878122
2.0628184920057,187.812345803104
2.71171634134936,181.739746943329
2.72190206890361,168.101901960982
3.78737576771476,182.994267540889
2.37471832056826,194.996556128521
1.97582014464437,173.824975619647
1.64850710973596,171.941283824996
3.67239545248969,188.751796185913
3.19479805612209,197.539154775165
2.08659399991486,197.296381300776
1.61674188519364,167.202325224898
1.629920487817,188.865225131867
2.03862815696516,188.533446611197
1.96048381700738,188.021878795238
2.65297495320682,169.204157452047
3.65692827932997,181.510680062809
1.168782978642,193.725820853204
2.26759298432888,185.727937372118
2.29850410292871,201.832091438746
2.28793532255108,172.068772957998
3.7279671791095,198.130282827841
3.37410919753883,182.960042920309
2.64909094236254,183.554021232434
1.45583389010394,192.384903930349
2.18546733986927,195.603689247056
0,0
3.3388333164814,193.000194754882
2.09340676315842,185.352998084982
0.930567797666973,181.455084777207
2.59831784059141,197.175301075038
2.03354107121588,174.701503872633
2.33449248414332,175.305490172131
2.14024213923981,208.186883908938
3.0683102105927,195.755322850414
2.69731233724471,203.320146570684
1.37182089945285,198.911748016502
2.3842137993433,211.078209155859
2.89158280979733,181.234336045285
3.01376611446404,179.779564186966
2.63497091931012,191.748378972
3.15792747947745,178.799342141428
1.519886886358,196.233944186817
2.66199611660588,192.165565464853
2.31014832120954,179.463218653762
2.26756481561414,207.236365102224
1.70606468729848,195.921651116472
2.33275335871704,177.265121410827
2.03848559309085,171.739185718384
3.01472054242226,189.248005053083
3.02734532158177,190.381516310414
2.94706555044199,167.76815170052
1.84089062628487,201.071737194101
4.97178878927584,197.248338674056
2.13357098288614,194.293323976543
1.64399215571526,197.102461119918
3.88577015638879,190.832803429045
1.41293925919811,208.327484456843
1.43402324193555,203.685723072868
4.18369149088062,193.424738813047
1.99427184082476,182.858065171365
2.39025501882397,171.405486978467
3.40034769298423,196.894209941653
2.13735203082701,189.886000528427
2.01092025546793,205.314308196097
3.35900133535736,174.488508769828
3.24138568093763,186.667505661667
1.89043105177456,207.221979002279
1.63591890862735,185.543388061574
3.57039841339046,176.947047343181
3.7640692080429,217.123816442323
2.80279053011592,166.980024589927
3.81246542515524,183.992995168459
3.29334343837607,189.138101465293
1.30174255056208,201.991832685525
3.79177798246788,195.464372972299
2.15457552729012,199.501486933981
2.0002486006474,204.672645094914
2.14624303933069,174.842634419314
2.59209962718084,203.143983272718
3.95303678104891,182.677785003506
1.56206390182333,200.488760650344
2.86867633869048,193.949335342266
1.42943046984579,198.904987171134
1.83713441233935,168.107853795745
2.5666823260285,203.436616247886
2.7142021299144,183.967681830616
2.19288100562632,179.892704722924
3.36930685888785,189.144759817906
2.40875903790716,195.876441789345
1.73412922283674,197.194270694419
0,0
2.88029657446193,179.845863077267
3.96051362059175,197.650768436092
4.48050288349061,195.105435314206
1.9466754300131,186.104823689718
3.30037702531216,191.120856080266
1.47924227371414,198.294876957989
1.99064412347685,170.971430372983
2.24330484460632,211.41274554266
3.56973697726085,183.299128895941
2.61141516326705,183.970572419166
1.64913069099948,186.423860981541
2.21757071633259,180.636186176315
1.72442996411494,190.612808959786
2.40588387133267,192.845809756662
2.11068035437186,195.085685986038
1.29244967590681,183.397982779874
2.16335896174671,188.893951781249
2.02724349888477,186.404300258942
3.69164103045602,185.637249024264
3.74207449998184,207.713501590953
2.67367962805864,171.12470485407
3.65136197211153,213.582851538349
2.51726019681846,171.329028691826
3.0528505185872,180.32984842744
2.42806287481639,215.141853605608
1.30392932050755,167.596645955165
1.74422795798131,187.37425661663
2.55672989895192,193.100874390436
2.1950824087984,175.197288587669
1.30474311719489,185.431730054045
3.15304941674155,205.907948185245
1.9375318479091,193.440514950552
1.78317803599978,168.930825646355
1.95333545212849,197.234936905453
3.28853009316698,192.716140643193
1.86922885053326,185.751361665586
1.76889782154747,176.710828628642
4.68591280302917,212.989822001868
1.93494051526724,169.000898477297
1.74451545007144,171.102791794436
2.41617122507284,182.92721458505
2.51333205893194,187.971138971849
2.14947523752774,195.507837415918
4.02583855343113,201.589718144825
3.9855984918869,198.523967845977
2.56571586347892,171.943232298709
3.50054260308566,191.387541446034
3.33829513028752,203.626702503015
1.59506608721415,191.857297525195
3.11533347515524,196.785929670351
2.58715768709775,194.035224205342
3.8963769979364,205.319402693228
2.34389858989022,196.828588163251
2.60793308003085,190.917400682577
2.27588114170303,191.113411097593
2.70331453283295,189.697337954442
2.48748621934454,196.731781177293
2.81377607305119,201.837947612381
2.16077349326596,172.419425079331
3.95814193237863,213.879401516616
2.7410491763125,211.862456182743
4.32529826900627,184.472175726345
4.44746408922656,206.048227138809
2.0144847901432,201.306215465962
3.43204441977926,183.958318892064
3.17137762119451,187.17463425524
1.81645772461151,193.11465992497
3.13382527572417,181.350171264006
3.37640891294464,174.400185567804
2.13606150855405,200.867657731065
1.69711833528778,212.271942967083
3.95738391349572,172.760488585492
2.66126366462298,203.517558067957
2.50725081778578,166.167215545519
3.53412501290481,186.038158491314
2.76368005045087,179.625791989212
5.48356985766613,209.358541444025
2.82239298504479,194.161547832722
2.02845600894299,200.213328334373
3.55717224101331,190.688864753855
1.7445481648988,166.31225707521
2.37385722681546,185.209335734685
2.65801296349298,175.605973747517
1.85394118726962,177.673266769444
1.72427214595845,180.770367670976
2.05819284845628,193.99484256548
1.9313798572546,165.638782431626
2.63976643429888,193.606036355943
3.26218938840651,185.336788050294
3.17822468305389,215.671504528602
2.21977628303263,186.890811500366
2.61028855189605,194.925849580356
1.71103449856834,187.428307778457
1.83204074852106,191.850563361359
1.12117561491536,202.833633493207
2.98330372141805,190.069751199474
3.06011352551404,186.511684726128
2.41928553702073,202.33901230494
1.8552889369752,175.838565189443
2.37197221159856,199.234954904949
1.99116618934322,186.618553348806
1.95691118258808,190.388342779153
1.34931803562156,185.986333801054
2.16536243378959,184.459513034473
0,0
2.72429874785681,208.213114506646
1.83162874766661,198.221225828868
1.99695149360838,192.30263323035
2.47253480504448,192.837610321748
2.33192780905583,168.903661595622
2.71953168301723,174.698698478777
4.15638074149611,212.891797506837
4.06610762962539,215.928236280681
1.83959907791108,196.778764398745
2.05079410287831,176.810274588042
3.7306187760898,164.822778789024
2.13489193111755,183.122731683116
3.27615381425074,199.431405737217
2.45114369303773,188.677516359982
1.63985855086027,169.232440441379
2.82938261141717,166.77606598782
1.33806590141722,162.342646928313
1.75520864465797,186.582184567224
2.64643706056175,158.97230451994
2.0421459724102,169.312871595993
2.61458032243714,204.334863905332
2.57656649687548,203.343426016961
3.4895708157745,195.950831873119
3.61262447238115,194.321550320947
3.90810327587217,196.911915034657
2.88407528640093,179.987334765952
2.71934749631913,179.077377702068
1.53984573222618,168.357988775726
2.00773608774633,199.313724081881
2.0875833984937,195.945044937837
2.94844131356887,186.514190162547
2.72033494714356,165.088181855934
2.27295646190775,167.895993255962
2.16731211351336,191.240759420546
2.65779066530849,189.767123755602
0.982181053140604,189.641885610806
3.07549525733424,189.651639312425
3.71184044002402,206.701547909464
1.96048535529,192.067098930298
2.10452380631138,188.845919810214
4.48897455318111,189.731193426979
1.7915885044833,198.228921166702
2.76373513993499,194.072395915201
1.54339730870031,197.52044652115
3.05848773275498,182.68253227938
1.90342491874446,205.258928002445
3.97061492276607,206.507486356325
2.91147823246195,194.388594783745
2.97541319367068,205.641560266775
3.53683276929931,197.674559894131
3.47777030932463,195.895779066336
2.70918655812663,195.403265377629
1.96966575802224,197.325856847846
4.20612647136111,216.907084221878
3.18184160689528,213.587500432532
3.2468764930741,203.535488081929
1.90574666452322,195.050205947628
2.19302249778619,198.099810580926
4.75264741790866,160.189575700211
2.79348029731812,203.035152218404
2.0956539369257,187.347527612781
2.62000985892593,190.857212969137
1.14622575256644,211.392570890005
1.66574881586717,173.951153110672
2.78603001517278,186.31741239171
2.06341213675772,170.059410464914
3.35067948843378,199.134706009586
2.51233091471573,202.39532421152
2.01649492085666,180.044384122945
3.44003915002366,211.714576590335
2.03317598221468,207.711607177278
2.09802495165917,196.187736715014
2.29454326991233,194.906944541204
4.28488127353965,186.992218249423
2.02952457030806,183.767780401786
2.04803222558274,195.17744977977
1.37296967622495,162.39348604766
2.12870961100437,201.607090537528
2.62083667497732,202.956322326445
1.42144266537483,193.994117014007
1.81126590676186,192.439759677271
1.62378090871128,178.101754222282
4.95333840009333,185.004643277318
2.07051933070253,201.906484446658
2.24919154737362,213.382519543605
2.3403594976675,204.531325496181
2.77171186889783,188.70986551385
2.63614893980838,170.248823715079
2.24388180760913,194.622999609471
2.39474066594619,204.949199253447
2.15123279106038,181.907519437685
3.04048657952117,182.24202923298
5.16138374716975,188.105290281602
2.39231534462776,187.102183792874
4.17399588506407,199.158506747638
2.27754364330003,203.452099374351
0,0
2.12687026048753,172.156672136476
0.95758914001832,179.224522496944
2.90561570619598,179.756949449088
1.56842169899759,176.494283708383
2.20242531264643,202.507685405616
1.81344152231493,202.74206388068
2.4056985171923,165.017758453906
2.09988449030992,214.157490775369
1.91743381917894,199.460608923242
1.67096233375012,206.129201708544
2.83586966715734,186.629448985144
2.01741537130043,196.771897525722
2.85947797770591,186.851761291092
1.38449289727606,179.715841574989
2.11108805354317,178.677906000208
2.22517408972996,183.190533159095
4.89306062987518,207.653740861857
2.00238469980705,196.507787236586
3.29092271898392,194.022610195378
2.99348128102753,192.158588365988
2.147591396576,194.815738232135
3.3281332370869,203.602941154413
2.40545492249484,183.393287325066
1.62400369756184,196.107786310733
3.97981209236878,212.80228217692
3.06081022580243,198.483817675953
4.00581857058884,203.256519828022
3.63981410866177,203.89941922018
2.69408005121152,196.455414715235
2.7741080769496,184.608479199618
1.91045052698649,183.05580617894
2.89369800455902,196.820893154382
1.96580578399846,198.608834639566
1.6414980225441,185.132835926679
1.22750136106088,178.996612634795
1.12483012527112,171.043837131475
3.35466957278783,195.543298689681
2.71858726104359,203.782216384645
1.16183953185141,175.470252347454
2.41679134375476,182.61075535896
3.87470076346986,188.138672071486
2.2522586777025,175.212876437813
3.05895830032451,180.65923943237
2.62600754114158,185.09048594621
4.9247128493344,192.984494439302
3.44746122503515,178.718751000906
2.3538139537811,196.230950130153
2.71968256224873,205.395865968181
2.40090707031356,214.704522892893
2.5372346889174,190.170387390494
1.57070450040223,202.492606182811
0,0
1.51054495652737,198.663742506079
2.55999848281421,170.825698719694
2.53410867715033,187.114572827642
2.28130866316924,187.582105510301
0.90611906459196,178.965737373048
2.47305031109851,176.872949769873
1.54311531428081,182.689564439722
1.68405412627918,210.717602351626
2.01415824882064,197.247199654664
3.23800570406354,184.254509654378
2.88654820387858,187.25379402339
2.97527783915114,186.538067303907
2.31003277699998,216.129285045604
2.64435182219046,184.136968128465
1.54075753043639,187.21230711716
1.89025026349416,201.089543845299
4.92803295050263,207.735400925015
2.34729781750454,210.129868396854
4.24302349261208,196.786039349952
3.33689421421012,195.794309061036
2.96062132601474,187.762308726064
1.73153917972272,196.684682350681
2.35098955635193,194.235314133759
1.19958614613907,172.034512040191
3.74197086790254,203.319425650355
2.2065695625017,190.77381774614
4.66371405627484,159.779899650945
2.26762515888631,187.285147453289
1.59511844146753,193.223376055286
2.44248361980022,197.285588832933
3.90099950140655,180.57489989386
3.11138936077627,181.41746799766
3.21146577418027,203.497818979155
1.52113828322876,176.684743676185
1.32866615092243,190.701223985674
2.92219280280738,191.808693010912
5.3345007162606,176.281710477041
1.5999521449017,196.698417504943
2.26871954597801,186.282061506249
3.58263902844339,202.688760454998
4.02828278569283,182.938941045298
1.62599867820166,176.137476700108
1.93249850597647,196.216541137739
2.64252622499301,208.687859769627
3.6076971328003,178.384923518279
4.71395779074183,184.923975535232
2.47671401904644,194.469669317867
2.65522320235875,189.162213748649
2.03266758781866,194.57153099952
2.77119483362971,196.207220589595
1.70902037143473,196.573309861214
2.39684931892029,199.213340836593
2.31302170280312,163.952757141161
1.75043729393993,188.52834010326
2.406442277884,181.23889628862
2.55073519935402,175.958002289892
2.65625919725982,180.132757276355
4.0135820521952,185.821573399351
2.56373607582863,200.917429496268
3.10217709067998,188.338561932637
2.66940380088991,203.903986048724
3.3486920977303,182.9642486418
1.64010288629772,187.119218671666
2.46940877191353,181.441505460054
2.14410099090508,184.980636599772
2.55040227201056,192.776421819835
4.47679984997701,187.887089244511
3.25350196158724,165.420548656891
1.97347204126078,177.786017363362
2.5347033612098,206.388403769775
2.33438959040881,184.11562027245
0,0
1.64951604268748,178.547565700746
2.33030254040376,186.33084418725
2.27487982386271,190.760021043952
2.27415808326759,193.614051943225
2.85476691675957,192.018369567682
1.48748903732224,183.22515633359
3.46858572749762,199.147386745456
2.13039393874778,202.496647434119
2.4379845619527,199.194402703277
1.77873753821876,185.821025922989
4.26338500566327,195.229512481757
2.37517204999815,193.683617372209
2.6008048241063,203.408510103367
3.21422317663101,189.650232497879
2.69414884766937,195.42466502735
1.89535390239709,183.40665680863
3.40803039783937,181.422928496678
2.53098383302388,190.329266293107
1.27515904861204,175.677280829454
2.16063031290915,179.790169176203
2.83319852964398,178.116899941069
2.0361423223673,200.615574529098
2.70484028737579,194.674068016669
2.90974890222557,197.470527069753
2.25284708576466,192.546784699096
1.58751903562725,182.321431972498
2.31813293654041,194.764328142553
2.84431328159945,197.028675531585
2.02188917014082,178.870538535273
1.20860753318232,193.507854326132
3.23499323249509,196.457217398215
2.73613128491582,181.516027220303
1.50456722446565,179.270661384737
1.41776001281651,200.305572512185
3.24253554354251,187.482664595721
1.68322654869003,195.013786551947
2.17231525936695,183.986161639125
2.46749092372566,206.988668756564
3.10804128890412,198.42300981686
2.09919195954323,201.53178191321
2.77753799430792,171.603803205541
2.21895018600679,168.771638302978
2.38603717802533,194.126491602084
2.61464481993527,197.379031766816
2.72898320821348,184.366812802853
2.61036285289136,176.3081564155
1.4792053369146,197.966836666974
2.59527582225935,207.60587823407
2.27238615549798,204.708321930144
2.50381288297493,220.397523265999
1.3790411036776,198.396634176319
2.23595790333902,196.534795711595
2.93437297669932,202.893641803184
2.78381030332258,197.269780339643
4.1127111346725,212.017876293444
2.15519916942961,193.14477239747
2.66424033272813,182.379041210328
4.12388931855427,192.712828157207
2.48180710546764,215.560057772986
2.67613850796148,209.61708806123
3.54351790052258,476.738659480285
4.69433824928757,476.507861345032
4.78972376457882,454.128336260683
4.24271055377041,418.035808008446
4.23133648689058,419.951061111437
4.96214351044523,431.886053332825
5.5772940603032,465.46166233487
3.63124254266674,428.176486722411
4.72046254878108,427.435535956586
3.75830308611768,430.679161504304
8.15083057264331,453.362772498396
3.42938041985179,466.454931509382
10.578824978812,474.160742870953
6.83622192441705,473.996280975099
0,0
0,0
8.068513416119,451.986432679026
7.02729308233994,461.659087008985
4.89938623575134,445.457652203764
3.81536925114984,457.577637477861
7.1468279317037,471.102641327588
0,0
5.82168075413414,449.158688950729
8.77829734027958,431.973822108551
7.1347248357576,459.700309551354
3.15904229722134,424.7893354938
8.24397444094617,470.038957936248
5.50742289884361,458.294877913892
5.35539453127962,458.423244031494
0,0
10.5833606403252,508.91125401545
7.5452406040819,428.533961154122
4.26552076566894,411.577326331943
5.4993562272632,460.804154190474
5.77097918085974,443.229856950004
3.92913971512641,443.436015545112
3.3274640568712,452.66444891697
4.20864824841162,456.599511529516
6.69544250233742,415.486263689556
0,0
4.423285610167,432.249297668595
7.29094837523199,466.527480118125
2.16902390484167,416.643527099975
7.75470943983462,470.270470039779
3.16956121687615,491.054776120218
2.8691680336981,452.011007738429
5.6398460132978,442.936192105867
6.18759510837784,471.199141568401
0,0
3.5391499581248,440.189227507076
5.02833500465576,448.670581174546
7.71246388484214,411.383673593462
6.0772949867476,431.682722117925
4.41872199048538,418.393203693549
6.79022058146031,470.867893056918
7.35011703521213,447.78991588411
4.00079618878806,467.600593102942
6.09050660179794,451.435951507876
9.1779253429554,432.938784338103
3.49011288257402,438.524915530501
3.80066862581376,469.170322214802
4.90862671232492,455.018003624467
7.5909813833015,435.736954151852
4.20294662474237,463.734786395048
4.68842651512291,461.157410436245
4.88887771507561,448.432822815165
6.06210826747551,462.929907033052
7.28897838762055,459.498417932297
3.46917060598001,494.090737175917
0,0
4.06295835422681,447.941473713606
2.57585122146543,450.095964698661
0,0
5.20960950085279,449.646986295348
0,0
4.22923658778879,443.0295281996
4.18381434449958,451.882493920628
4.2050811916763,450.709943517053
2.97120068998572,441.397835983926
4.2175701451082,438.754795000509
7.23724010676085,465.042043632296
5.08633434677349,468.514170160851
9.8491414962221,441.511943507747
0,0
5.80880761577636,447.357165162611
6.66417270556558,454.041861798119
5.78958222193643,431.655110059679
5.3341761814495,463.457176919088
0,0
7.4452303018622,442.168914058231
4.40840842065883,431.899480722215
6.75528195191866,438.450772039233
8.28981642900388,482.022891131393
5.50304830447891,432.955903121264
6.09315277681482,415.719213289548
0,0
7.07964964010648,446.173327598664
3.45116638454315,437.476368293513
9.09148463992962,434.085002109842
4.6693529822863,478.866092946884
7.32203031109796,468.292460722282
0,0
4.05873673133436,468.030564585003
5.33277881362207,460.455396371719
4.57847936048695,435.3608285375
5.05903653442472,497.751963121624
4.80676638947919,460.773977668585
5.75872897463684,449.181615054134
4.58866034065004,458.755464571281
7.08241813237505,452.822145263503
9.81311655318271,448.443291854183
6.01375915630373,423.127771292414
0,0
5.00751433079226,471.520190394732
4.58521367649301,452.628949191758
3.4094861313852,464.85320431774
3.10073378966574,487.251567987993
4.7522147159797,451.715630025258
4.80030347193993,427.361137748574
3.17906502100534,471.480885695155
6.18068012615753,452.092297644653
4.16557558806867,453.895664188456
3.69775537057699,451.238888038291
0,0
6.1540187962688,446.260662575332
4.55117016861179,478.333495588922
5.7943578861093,455.583332179148
4.69702708749596,434.627518882018
6.73956609852679,422.686582631916
0,0
4.14212611910432,447.95953724356
2.4730705433874,432.413721211739
3.10424370138895,433.108935174295
4.0494756070321,443.388960725335
5.1899812375645,444.674715613293
6.21192584756622,444.967083031037
3.73801323935715,435.37513469484
0,0
9.61224240940939,463.300231830742
5.91409856039934,451.235192639629
4.63247201369923,453.645503181903
6.4023159796354,486.330580361463
5.78111130424609,459.867849150574
5.48172883382194,458.082175569359
3.23942422968539,447.646623174648
0,0
9.19174706507321,471.950975752342
4.02997290802054,433.668434806328
0,0
5.17159252354527,468.824946191879
4.66457462391043,441.164326659961
4.0587557499694,459.242471630726
5.41775724257851,460.533782732517
5.18894622414933,471.2656262689
7.29422157592911,459.636108254146
5.49742733968691,470.887364815303
0,0
4.71253743087431,441.266760997939
8.11657404812855,465.06225092872
4.14382724101009,465.007959954539
5.8013740894263,449.369846484158
4.67714296602315,455.121642162563
7.56773454779829,440.492410451467
5.87033164216912,441.178671153526
7.81824528559029,442.346927820685
3.2521871998156,452.853337397302
4.88493049399487,478.848119018104
5.17314006553933,460.747319720351
3.33421386765129,421.7473040873
4.43698890538968,463.013855401595
7.35360120649379,473.868449016028
7.36618200245348,441.19851702236
10.7079215794961,465.523519266905
5.796075815787,465.380887190958
6.45875661106932,467.841833598252
4.18161860343404,454.19252928688
4.09336322978606,460.885528248938
4.0513047935992,447.137993554025
3.85779483164661,445.50501477106
3.31804687331033,461.92906883097
10.5887006354874,462.911042265244
0,0
6.00961702295513,451.406052464257
8.36361162983371,469.214166624938
2.45361175453912,441.414842138798
4.73732167859038,423.794865801577
11.5801478953894,496.916931688492
3.24617478720984,470.483809902136
0,0
0,0
8.61410523827407,449.260235261693
5.66323596729626,455.93513785221
7.54352019308295,473.926718014659
0,0
7.56757910089642,442.733108595585
3.42099756616487,420.478877036559
5.45416484957954,485.758652531625
6.25784011850711,471.051890639036
4.18017986355893,447.663662720339
0,0
4.72892051065649,407.717853015448
4.68902184578767,465.19487682596
8.52069896098952,442.696378744535
6.40417528850168,453.788757996808
9.60206920573121,485.121937830147
6.07571418328531,492.405064396033
3.23796313479246,423.895977732902
8.11075075067267,494.38137244982
5.07353212998084,420.596618981176
7.17054806306731,482.035893469192
3.30969619825489,451.933191120088
5.58817752330407,445.977797945985
2.86058843422552,492.339687282241
3.94947374846026,444.496960543474
2.84767010019063,431.942190841664
5.01858556789909,476.92918112441
0,0
0,0
4.94667699513521,467.854631264883
2.6336552220063,462.586596158835
4.84266869752444,459.315890480202
5.1995086218143,456.170040078189
2.56661118224773,427.587886955667
7.07339725231018,453.566052182452
0,0
4.05951716983275,457.061444202162
2.93061171010836,430.613625214897
6.25327870729925,461.214154191851
6.00948299778187,439.858420474043
5.51621585724937,416.916207825586
0,0
4.92145530767323,440.374265357391
5.4978665409739,483.745336279356
3.870055450104,494.626023647911
10.5155916949539,434.567658575055
0,0
4.97314964088927,476.704218476249
4.4304119413342,462.024677851989
3.07302898833231,458.214366171626
3.73007706561143,441.107859935412
4.80621570271637,455.457225022639
5.8990521781237,472.928020120198
7.90513940954951,477.576031568678
4.9862780369467,434.084744777224
3.95377334262464,429.266210079239
6.62979066361996,437.609545680156
0,0
4.09651480413285,445.380271989579
4.72775825573125,462.674663024925
5.59520926173981,415.658115733276
6.75137021952901,458.548522037408
10.1773357487596,454.711530643658
8.91695110672013,448.637233193576
4.93308375773051,454.636145387432
4.89953658167619,477.85989383684
4.93833887620767,439.557477053907
6.42466649000683,437.066986165378
11.1722120457968,444.351177850093
8.23161141399625,463.78524828735
2.72263722427662,464.031104667925
3.09367523063741,447.125799524686
4.89062735482086,450.358165249706
4.36600694765412,477.406360662176
4.38215819601309,462.652912071682
0,0
3.25228981246442,418.422800658909
10.1751501082677,491.125301528609
9.56292428667107,479.507515746456
2.19590889421411,444.226288265485
3.90984634166623,454.181394808826
3.72697070326284,476.016065708619
10.2297641702019,498.470224543699
3.27442944925076,452.711272820517
4.21800741980471,442.811059635709
7.20490452726109,491.711255661256
7.38595564206991,482.295254040513
5.14057511529586,451.713273351433
0,0
4.71675886513798,458.700742101819
5.173442531284,459.034604324678
3.95268913589959,405.921146268106
4.65764933220219,461.758472824447
4.62421818479472,458.049854549335
0,0
3.26030350451033,427.064158185184
2.62464935627026,487.821116184688
0,0
4.65786145065451,474.695826671229
5.03949106340612,483.767711865918
4.45106718034034,492.868154235264
0,0
3.85928863694979,428.28288460598
7.38026234099782,484.386394683956
5.19226382533692,459.619816442783
7.41860185260408,473.742088173944
4.72211795183611,445.315792755297
0,0
0,0
5.53381623076387,432.807044402226
3.50151370012094,468.94812345878
4.7107450311974,460.097646166306
0,0
5.70137530051463,462.150955067124
4.86171091544404,446.523642235583
4.6875852638001,453.840151689924
3.73832121272007,468.257144022041
4.95462278132387,447.159062001042
2.80374103031135,455.704798379354
5.74976233683333,476.439994943241
5.61775355689333,462.023337357996
6.3016316824031,494.987155645242
4.57233912831357,465.117288350622
10.7327992469994,455.822786211777
5.06092543834886,457.040887953214
0,0
0,0
8.32203601548173,464.198900400376
6.60886027019236,488.959642317226
7.33898627874266,470.411792170781
4.20258246111237,463.589754622917
3.89615287848517,457.315112690001
5.19590699460669,434.796036845784
4.60116649052368,454.888263672307
2.61563557087379,431.434920200532
5.87694274177973,445.534366324751
4.24936408225459,451.154514934768
4.86896425249631,450.014831096004
4.24797969259093,426.762013934632
0,0
3.86126573700183,459.963539641732
0,0
8.66989440585563,470.723024665898
5.77592726752956,450.652760050171
9.12074491455685,462.040536395118
0,0
4.7837580086202,451.094030263566
3.15328932385203,446.218244011458
9.75338125415018,491.954445213832
5.45263523195187,460.648015831828
6.05381615007021,475.296682961754
7.64917858136766,489.947650817083
9.26845244440287,470.867954843781
6.66406310277927,459.665489554827
5.77827628247664,496.669560037403
5.39918843264728,442.505579913725
3.95256071576526,447.362660434407
9.95967110240061,482.150777484916
5.85412182464655,441.919144302441
5.88133620978342,517.898803898615
8.39368478066227,474.644785387868
5.42127019798686,482.336982025174
5.3937130281485,471.670532235082
3.75529596498188,446.152296683647
3.30579249412624,456.033349722458
4.28532406884939,428.580329972676
3.21695171106387,453.267238394911
5.46763174272547,434.332667628752
0,0
4.20467002034355,456.674357028775
4.12276356008507,456.195210723307
3.17915368387832,475.324447642133
5.08822342498697,459.735789703175
6.59115424307981,457.649140472019
4.71406309129542,453.553179973291
0,0
2.85297124143218,451.97372781003
7.49231256510538,474.159891985647
5.19178065506441,458.428220110237
4.60202715607677,435.913396582394
5.92934836062068,430.948171019303
0,0
7.98143789171796,454.488590130474
6.51376387541075,432.192272170568
3.39767784314181,413.071114174765
0,0
4.4576694306226,440.410187764313
0,0
5.23475752493461,449.580493252938
4.50231102579175,453.191841335981
7.7462697507003,431.994700279854
9.41642336362979,469.042055706143
2.28479277233482,454.204873553887
0,0
6.29833110182505,444.998579713261
9.80686141633267,468.004728766437
5.33637189670072,452.943274342784
2.70927141658612,442.700726950791
4.84128208366367,431.095699601401
6.58620961804128,447.646945223204
4.39730486264341,476.879199983405
5.43833328425192,460.233120926659
4.40418974526687,468.42616117458
5.42095660825873,484.383859313705
5.36289361471516,437.900368784183
3.49937748405529,444.463374013613
5.95216101610407,469.263542085362
2.71978272978691,427.578483516077
5.43804364820473,432.281286541985
10.9451997922007,479.808482828249
3.58448605036578,420.481306867321
2.84499707665444,481.669240011745
6.75286167486564,463.49974606858
6.52271188648285,467.824729082634
4.88082979189406,446.350034484177
5.34341164299809,466.13618548082
3.73431788860919,485.010242775747
5.21866986421856,454.964201495878
0,0
0,0
6.84402262551165,454.223184207631
4.97265074045264,462.987043689627
4.34559084175911,444.459691338879
3.63290195234605,465.712661637792
3.66797054218771,466.458516880144
6.06263412272133,467.468680812484
5.23230038111476,443.79467122195
5.79704221297328,454.632634036904
8.26212356347114,466.489797540324
0,0
6.75535804375684,472.424592223623
3.70501250404589,427.732795993988
3.33267850368861,475.985246391422
6.62020255758146,437.738975976136
0,0
4.02577267296953,420.90832966556
11.3076582733399,456.043385487375
6.65272617160884,470.469248946055
5.2833258158961,459.734155811218
0,0
7.28505033061426,477.321871949557
3.91153736704723,422.163836896074
6.53508278453295,484.333474510271
4.38527194349962,426.748688536655
3.91313660713415,495.047332671897
4.66700416277654,459.06386476613
8.75657613402124,454.962498972751
0,0
9.20496079811158,481.63608928037
5.94863280234526,445.281091325587
9.11938678290911,471.920672318997
2.86123322910786,465.072607599906
5.46257870530922,453.845316181401
5.03136667637047,471.16625024886
0,0
5.46320505564741,470.646607096038
0,0
6.4774240145298,418.537565100969
5.49044168362412,457.58177394055
5.26440251824879,478.129408336544
4.82390316899825,427.373852462016
2.86505493675611,469.411591014033
4.03299320195433,428.136034890058
2.64536445668753,443.08342794032
7.76311597817401,497.301964288709
4.25591076004626,457.551882878338
4.01927999579408,452.818482022514
3.7874337094318,458.287967987557
2.76525379411052,421.393384851171
4.62104395246772,433.452960550878
7.11720557981755,458.599663650811
4.41535573564691,491.756757927707
3.39200757241409,431.542722142324
0,0
5.05957119880887,456.202020088078
3.80412224887394,416.502833517546
4.04762751608602,502.562583539989
9.78138727987783,450.280166810159
10.0766439623862,456.207874362317
4.27047928278477,447.604034643382
4.76766654023008,422.255130267404
5.4708243992478,461.554734892158
3.0442721845748,449.972692536071
5.74868640955659,468.941865321199
2.6748441043311,445.84367974887
4.98384538421855,446.803989418191
5.97646213937167,446.264932452488
5.1701794669255,441.785387090782
4.4963609977168,442.37806468369
4.030190524017,453.902895723805
4.87618792093916,435.156845651795
6.4203174718363,449.829001209238
6.66273621462777,454.334748195761
0,0
6.03224533607505,446.296047326922
7.44493731135129,436.370482781765
2.80245379879323,460.48988354029
4.99774078659948,468.943451773993
5.12067017851895,417.370683594935
5.21185054935317,459.749635874148
4.17122205205403,453.292299663719
7.47247494804937,487.62404838594
7.42877549194481,411.999314381324
3.87623475362122,439.743422099493
10.5489118802478,464.347560916722
7.13763543408046,447.259010378466
3.59902006308212,468.950469747717
3.23435284415333,478.987299223392
6.7157654260652,495.313214376992
4.03779773664596,454.755860455711
4.75776542213476,453.60843048219
2.85921143662227,420.394646148371
6.34882984336819,452.742763516457
0,0
6.34678355539146,455.872847061559
7.24803690389484,474.803333878625
4.28429314097281,432.565751530793
0,0
10.0678003517002,448.217474983446
4.26834015082197,465.367071104469
2.77076541043259,463.901401121736
3.60133456684776,464.326312235516
0,0
4.59874104755342,500.465930500851
5.41867152927864,436.153348460399
5.44643635271073,452.391498557799
3.57285595188523,458.233317956029
3.98831470053785,434.567446354461
5.86301783841444,445.82314035462
3.83029764045614,438.423886647948
3.99633425228048,465.546838706192
0,0
4.02299159911753,446.48079468195
4.77001749701111,465.780481582161
2.38442051478669,421.0491231689
5.36693983617174,435.977565549763
6.45760794762086,467.27544135793
4.85880968722643,448.469726330954
11.3192096787729,521.090773704775
5.50945791729834,422.817787658175
5.62405788950364,480.531548131307
2.99929695721478,445.654088992546
3.08807552626168,441.394323257002
0,0
5.1576484974709,454.740123530571
5.37020841606041,462.714038648209
5.05846344726769,478.854067160341
5.68952149506606,473.339940247058
8.62325301075899,423.797702202985
4.17217206986727,456.035983700983
4.36103868980321,439.562889822133
3.25372265764146,441.289915241317
7.77839303721763,443.095590659775
0,0
4.29455439923094,458.894907208875
5.20440127182416,449.362768493542
5.87802155203813,421.302377898384
3.72868103638471,469.505240698335
4.41873124249555,449.610027273637
4.17304801052369,451.641461160233
0,0
2.6969413646526,440.384273578878
8.24346938245396,456.747194987422
3.0120766487738,492.917012544244
8.52994089199666,456.539406803361
5.41898126674277,484.465876592937
6.42572435031292,452.323081777196
6.61347727559795,464.698531710556
0,0
4.29759765227193,458.498377663279
7.77415467320583,457.537450899137
5.37267369175175,450.645789338071
3.80038488944941,472.084794677775
5.82616627153321,450.948584419433
4.39523717992926,441.98750521137
5.86919399837047,472.111706903398
6.62429864306095,409.955475576744
3.6039439953652,434.944417796342
3.35677160919227,445.64374572875
12.0463335125945,473.159523718715
4.71775375397065,445.380689216301
4.38055548523847,468.396807110252
3.34376586807252,436.682391852649
4.59711671556035,449.942443170006
3.11118601881598,447.618615292148
6.80382885602134,452.829878271021
5.2681518122473,455.880730804737
2.62082403982027,436.818163623971
4.62926360428638,460.836407538989
5.28505195669011,468.028627396053
5.77644832203124,431.935054810399
5.57373094930724,466.274940164205
4.43538286559566,478.351633314852
4.4899077924056,441.270799552358
6.36746905090163,464.434363705945
4.96897713582863,450.034118162907
6.64749671000542,464.361607069526
11.5938299504033,473.256941811077
7.91808179267722,470.552576104587
0,0
2.59640592806782,426.230273012818
0,0
8.77572985481005,461.269649416224
3.04352257058376,447.168731035265
9.2700510502919,485.337506199344
4.70863637956632,448.236469823346
9.42846115055579,449.087240192671
0,0
5.01501992576673,470.479836043308
0,0
3.39605125828791,463.713337576933
4.09603987608464,437.614933589644
3.57831948828403,471.043529108765
4.01767708605361,434.568627595281
2.97685282581989,459.732317088648
4.47830129995471,465.665194656116
3.51593224588481,462.370119058487
4.50369846487681,447.677052156364
5.05170445458923,474.015676471959
0,0
6.27306183245887,456.14028279027
5.10136661203475,411.348823350691
3.5429855972753,459.527338092289
4.26159013575947,453.439232416462
2.91432915703149,458.032194861478
4.17551323832268,489.198913669422
0,0
0,0
5.66264055103114,473.213706048294
5.20880597710508,456.63868207284
4.40362358289929,432.542029360078
8.8480288605188,470.176939045139
0,0
4.36160375582665,455.181199867247
5.03387775505331,457.545140498292
2.92865888165992,460.801845716671
3.87864900646085,456.305364403093
11.2488972805377,493.624160096295
5.89000066792559,444.022850879976
7.25832226515516,446.994548434475
6.27823931924026,456.68949103677
6.72471385447284,469.621005733872
3.12801057261395,430.588213692576
7.21789010274638,462.594106837985
0,0
5.35824175431929,437.692284236578
3.80193466216977,480.22256032526
7.39642823792202,474.523448296071
3.79573092292705,438.700267857287
4.11664227762844,455.109666004138
9.95149626629169,481.014583230586
0,0
3.51101910610968,426.57742385767
4.78521749675116,478.129558633503
7.40658957255291,464.592481176104
0,0
5.75017659840691,413.229336035236
7.67120288480817,458.19036791736
3.21948663692344,485.366682051637
7.2188845390727,453.534646767352
5.58165130388537,449.596539199554
4.47491057802284,440.855167287236
8.69408037520461,472.78249264942
4.62590075263614,434.116772557821
2.43333978568568,483.545360288234
5.31496649558977,457.980162505567
2.58618825937245,471.346134390773
5.46364401415906,452.525090274185
4.84835613781993,456.342698248406
8.23550087770181,466.375177752306
7.10147823234007,477.481483527528
3.34490088441244,427.572807762055
4.47284751782275,470.54808191257
0,0
0,0
5.36316084220736,466.038344770404
5.99527720978549,470.622961672243
3.36725539631089,440.30671362901
6.30764116314578,468.713533612229
7.7452253988612,464.569946270051
8.15960774391992,458.769185191926
7.9556759950483,454.950260581925
4.06472080806327,451.912613374394
5.49076098092078,448.898689417797
5.89282371215748,474.529827079091
4.81268821277471,444.163984279199
6.2341770924399,424.060832274589
2.74625720764137,449.088366999885
3.2259008806002,459.014494200984
5.09555864503664,435.186166434012
7.63379614563946,452.887077680793
6.26601555625962,441.163887326221
5.64560211680655,426.37009452619
9.04145399206371,451.178415586637
6.34309510193656,442.354611428931
8.52699853419109,483.998161404374
4.38805722710384,458.994019872341
5.55950224910088,467.017308608539
0,0
4.18988005397602,462.481128802767
4.269200807716,439.041165250978
7.09849270049135,414.653097691276
5.33154730194464,426.545658921727
5.87134655463269,452.1274486066
5.72829740474575,413.510656033016
3.79894046031873,479.506898962015
5.79206878239019,413.029920614297
0,0
3.95375587128102,443.152900826755
10.3807024873615,482.827405959767
4.18138054006022,444.929010136552
3.54694282187232,466.126162389228
4.95579796981956,445.941892526664
6.0679434367232,436.045097784237
3.994576927766,451.46845971692
3.5780982254425,460.858612887863
8.34188360026793,433.653819656426
5.51228871151077,451.071094102008
9.97161395264316,483.311180544732
3.82475088780139,429.008176549879
8.00170274913461,427.926963530511
5.50539308391869,498.445481256996
0,0
0,0
6.04390116662201,413.476972142205
6.60122924971042,470.910886108443
4.92337493835355,474.551558633573
3.52939876790369,429.141891089011
0,0
4.29074107713249,464.561020654373
3.82393236101677,431.402185073144
5.51767066822265,441.913792655763
6.93706644773738,452.919532350291
8.28380607944371,469.72548574602
3.71596061505179,449.265574967986
6.23431336646473,466.903054980576
7.18105450607934,460.277118563471
4.57587826094242,453.31360690467
4.80559332077116,474.129858364829
0,0
5.03757451926887,440.045534133619
8.29708419472953,443.552089399659
6.10236794573045,452.722393825473
6.32358334244682,458.652405507584
5.39218728756031,449.49114425161
0,0
6.56622753942217,422.828323713872
4.79312630300205,423.945116191934
0,0
6.07146912540472,466.375451499943
10.2945623471008,458.040003586857
5.32733894118052,448.319408477708
7.90435757366685,478.867645433046
7.21535056748449,492.113640947859
5.18097740851723,455.010970451476
6.81508109490029,464.583393342924
3.37558303180229,452.087385091923
8.24973997297881,482.073814042207
0,0
7.7567764437851,449.829859673428
7.77670011251608,465.144493961369
5.46230629330921,429.700649842698
3.0244749034417,455.209701709194
4.0225448369533,467.903724025259
6.97934642832913,447.626909302987
3.79083590473446,422.447045227558
2.5221448876498,467.9554699483
0,0
3.14119425444765,449.054680866716
3.80240339481595,453.383974903987
5.46506725585845,434.841523028833
0,0
3.34447649224575,455.086558833106
6.69461478553202,481.062901801194
6.40613476017857,436.198650319373
0,0
0,0
4.9304317740482,458.175242625833
7.46623876015806,473.700585142647
6.37006201367124,489.307944721998
10.1304114955777,457.171888646431
4.74214935701032,424.573257655393
4.73716891355642,459.38020959754
7.64526573716079,470.397970282799
5.3561422557162,444.473759920619
6.19668884244158,450.211012655283
8.27619383724147,491.418948732856
5.43125358873288,455.157245702789
4.07799438046428,480.413427794091
0,0
3.73132011096408,478.078387020182
3.36945970006728,454.226158391276
3.36448531669199,430.091410692258
8.17576496641828,500.644097162191
3.20560748090058,474.192120468392
7.35728277153272,470.28613190847
5.25994973295847,455.82941514302
5.95266469702717,419.376471354922
4.81276786937235,450.213398278625
0,0
3.14004457917369,438.042107168811
5.23046548995175,436.328108799348
7.09834563636959,465.638307748768
3.27929992435629,458.4561136489
0,0
0,0
4.41592162694955,467.178267525399
0,0
3.80793203218421,443.282426865726
2.92932539627045,459.351602230097
7.02286219762907,433.341142345236
0,0
3.0246048018333,446.485847935834
6.85591928642044,485.433024043613
5.88791822879075,468.130085017109
4.59255642920524,500.326526239456
5.39969696638222,413.815043113749
8.56979281493257,498.851215776641
0,0
3.12204732640733,456.420931042981
8.31433767853573,452.077990500078
0,0
4.84112591492348,463.52475155295
5.23824029741944,463.005079206544
9.09356214671729,471.848746891742
6.69581656757003,475.688349942407
5.60194996312014,442.080684943979
3.73177690933773,402.310015967745
0,0
6.33233646019942,456.483031082688
6.064363775271,466.350335339882
0,0
0,0
4.65410411409539,473.473855763314
3.80835236339739,490.888687102705
5.18545054754597,478.667280047954
6.28822715047699,443.605726273649
7.11860687187532,475.306006073995
6.81857840116695,483.601123615535
10.3077179241622,479.502327874246
4.87661566517875,451.941605865995
0,0
4.97183908918381,442.35935016655
4.50457579556673,480.162904988016
5.98581407438403,497.835793154737
4.15029410678875,451.959008479459
5.04342755711585,447.900693303002
5.07122412184406,456.44626763568
0,0
5.38510332707792,456.024545252988
5.56613549558346,457.875281279611
6.16168249417435,471.547340787274
5.07442878961064,446.106885532268
4.24276962937529,439.546302798557
4.94952479226989,471.464262850262
4.46860891776292,445.461918333041
6.77147702690361,499.419897016191
5.07574627403047,452.175911108919
2.80739528240999,436.695351434893
7.02694733262148,442.79899121203
10.7461068968915,481.890229579244
2.782924807356,472.506762029763
0,0
4.7194113907954,439.175253451118
4.17827462911184,456.925302934817
7.4287610123801,485.397502171781
5.35679130962518,465.671746533615
8.3692951236761,446.939443962879
3.53584801945589,447.858045012402
5.25494896083865,452.681988170101
5.88440934503687,422.368969695085
10.2979505979451,466.972393307858
6.64921807299217,447.824346678123
0,0
7.37370678757984,459.80435012197
5.33212293321774,452.429547646485
3.3897840608574,446.974234188823
3.94754596446983,451.728912371584
0,0
6.3236243512147,451.862902586641
3.81201664650379,472.030376233611
5.56935963996665,470.754277973876
4.37320426190408,490.828184005925
0,0
7.76942503950939,447.296020616677
7.07106768942057,462.411031217641
5.37140675930439,454.616560731594
0,0
4.62521110488277,468.378552769097
4.70612297270923,430.357500032412
5.07516647780393,494.703141644035
5.02937497132109,443.727804222908
4.89769522758636,498.865197953111
3.44607910803582,463.204536525466
5.26808789673702,472.894222816043
5.87750172526357,488.198882401593
5.40407157644176,444.774407316015
0,0
6.35217566823196,472.222796645076
9.06714168431593,483.955271318549
5.8247206216837,445.144705449022
0,0
6.23807537425884,445.734177344492
0,0
0,0
3.99888217822464,490.875662980869
5.65600346679548,454.880269750311
6.9176260443524,425.574605967046
3.80929373939448,430.109884798486
4.04358868008884,446.540133705959
4.06434398044103,438.678640191557
8.88152054873599,462.623726784598
0,0
4.19050890582808,445.950715812153
6.73852049101251,470.610454752683
2.27354879544252,438.918694292959
7.36669910298197,447.895547698501
7.74688094421001,482.084955612684
7.45990379266667,476.062874716041
10.4279117973321,488.882367272868
5.11006940273698,448.94917129986
6.62029515998002,453.588822598196
5.77938596795672,418.13106587989
9.30057922854178,495.302340373187
5.11983661265071,467.362458218598
4.61762341911538,431.955508267756
7.51006339399104,405.825927545863
9.04455143844972,460.357943478436
4.82885588650421,421.640621912816
6.08425451922688,478.813957660196
5.4640204442231,478.989686772427
4.93632390572966,454.518951716852
5.52717267986857,436.720739616634
3.04153972464146,460.716687722436
9.07204786532214,434.378850575767
3.06438750850476,441.257822001767
4.17364796050894,467.317750952495
4.64576921985936,449.248325834125
3.79246824124703,413.392619480813
0,0
4.69417024105801,495.471309571175
5.46646925945366,455.651837474325
7.37843711398349,453.084246149076
6.41383081700167,448.2243011957
5.2655836156155,447.027125450143
7.04894277807898,444.089497156472
6.47897816089841,485.84941597278
8.24432850466729,445.916370362962
4.16083200702068,445.754932471744
5.05543025551261,455.394112183398
4.53078619357472,430.051513838158
3.66276797841259,488.589014118434
5.23491412709385,481.232563426189
3.81934224769195,455.203722719261
5.56931621462131,474.579001871173
0,0
4.63383057041626,449.978876728516
1.80475676239408,431.998682853154
4.72932493769258,440.951238236614
4.83613024054223,462.636700126426
3.62877236041396,464.254354946988
2.62109843120705,457.792192548127
3.39989616814909,461.547499168521
0,0
0,0
0,0
5.08441374334334,424.681001486789
3.55260634078816,447.26943811075
3.62020887188228,476.010286104738
4.86135262953777,439.777617123379
4.0284044600003,441.015636349681
5.24451169771772,451.587873535033
0,0
3.95658638811384,464.371822570077
4.30625098851458,480.24344252025
0,0
4.24980601351447,487.693620512713
8.98706837694216,474.891960247342
2.69721277930095,443.97279825875
5.02869685986436,454.772074269794
8.29715598716133,476.131591490822
7.60654000437068,468.871067783207
10.2563470427494,465.142848382984
0,0
0,0
6.73832918835963,437.114710900915
2.85134512521635,456.894748158368
6.73088584344903,511.49278763835
5.63748962152235,443.636947480056
7.4434710621712,481.05659577566
4.87168178678002,465.603249236382
4.59668771291482,455.445924812972
3.40159585678147,460.605932030681
5.21646344700112,452.124439878466
7.11805287183722,457.218937839801
0,0
5.61564379331315,446.612347510261
3.99759258883621,447.033672046301
3.3232385286255,443.411481387421
5.60523114523895,445.400090506575
2.09442141528693,409.820290564048
3.91951236551892,455.245657516449
0,0
0,0
3.21646009216301,422.996312681334
3.73967822122002,435.867972027228
4.83995744167047,466.724689853833
4.04742320722556,444.388277063776
5.93393558967369,455.663912530546
9.48551616049376,911.696870405747
9.5070930401739,897.89270208483
9.63445240173648,921.053020811694
10.419936203892,928.88636002608
5.45171384922204,863.619587928326
9.62332536946139,918.367169129332
0,0
12.4763578785027,943.972941412114
11.4720940245376,894.722086798207
16.4495162093092,912.931852439597
10.3040323922965,914.123732228079
7.99573197301407,934.995735303075
10.5943414497594,909.838133605262
0,0
9.28208994390341,891.909552122066
0,0
11.4741791523225,893.047851516793
13.025135690539,947.649908163621
11.609324706068,940.464496043474
7.8874472912802,874.139588623212
22.2956059482518,981.153917607508
6.38900697945088,897.913233241417
13.9215377415543,918.901686923965
14.0635677400423,881.203812480951
8.97169625631837,891.556303408728
4.71481642973874,876.024233135878
5.68508767511394,942.764579538783
0,0
6.70187228965635,951.669557523516
10.4087857673006,877.358853079606
9.48859958016213,914.556075346016
0,0
12.5711010681279,970.910963517716
14.7939598046302,1002.66300817322
0,0
23.0726671857329,954.367460146445
6.5726684509531,933.907783861081
23.7408909219603,971.882212842016
14.3618775613622,921.141730270218
14.131630796489,933.680366719899
7.9430265338338,931.022138724122
8.01470678693304,920.680781726687
0,0
12.3452586417869,972.006602568908
7.8987629606962,964.726994563239
12.8194450142032,928.125587175934
9.1780381580347,896.029548757292
6.13141497096356,898.319686740958
9.68295565551526,905.282338241701
13.3106697086903,927.236416787385
9.53273159994143,960.670554232733
7.21113621593662,908.173970275967
21.356893493277,982.12222717964
15.0314306151964,990.58360791455
7.38924345198258,907.925083572302
13.5870496105597,935.179555904748
7.2084801910062,921.867305588656
9.9725281614519,942.138385417972
11.7342817461687,942.652550839733
12.9830897233854,979.778213277197
12.8945373406318,940.694559306661
7.92822797848676,897.220698288933
8.62583420383248,920.921976867174
16.7895389067944,958.73271591252
9.77379390154465,904.000575097302
6.84746822009458,937.609593979874
16.8480095175854,972.646532791991
12.1097706381782,909.645183221112
13.3123751853907,969.961897758436
15.6779847047344,976.953039812494
0,0
11.6969914644097,947.44633497881
15.8868651390519,953.262946593161
7.96492399694969,967.70720843287
9.44589018475348,896.037174666626
11.2096655504538,941.757483015223
20.9419217807826,979.173607919188
8.57846291619175,973.155997621184
13.621927566357,949.763969900147
0,0
11.754826536336,929.091649488905
9.62146462231625,858.338413356849
12.4005462632826,942.326866218665
10.3815733547281,882.362764623698
16.1150370937508,932.999469045012
14.575951973613,941.786455947715
9.79132117103552,906.358840304252
13.2786016809156,938.21765622305
13.9680248292274,935.210738161098
6.9083427068039,942.655327079433
4.80494145226889,942.731356751988
11.3463875117133,978.954567451268
11.4920896306188,950.321403661198
5.96085952431244,929.528826459792
11.9878320145249,942.935105718505
15.6516639971472,923.856047558128
11.865973350243,924.730149667839
12.1558206704853,975.101669162937
8.7144282724984,928.471678182387
8.6228385550131,864.4520088154
11.4297008147591,946.050951065574
14.8337273448908,935.874962009258
11.3845504156738,949.38561907149
10.2713985075021,942.021539369589
8.78654449999393,899.050393901776
9.89362801148147,963.27948338081
3.7019084775231,907.089777424074
17.5670866393664,952.202671228081
0,0
8.99576667633214,970.34731663153
7.4249904479647,900.987513555959
0,0
9.91906975547451,901.71077220017
12.1092170848536,954.086130959433
12.7260211607536,923.291994647558
0,0
15.9360006139488,989.345611179356
17.2894018674055,967.652250239191
10.5076027474623,953.440415680129
16.8996235371633,941.622627308013
14.6629379869858,929.950831300843
6.79876490425408,888.903006347287
15.8444587118834,904.713155767765
20.35814657387,960.66586204821
19.3381390401238,952.590032085819
6.05709748708903,897.603253103038
12.4919612923233,923.385928998888
0,0
11.925734302735,959.808562679235
0,0
17.3194977630201,919.695970090328
0,0
11.7621254001543,916.465181353109
0,0
13.4203642733854,903.847372326074
12.4923358729884,933.484406195165
11.4529609204029,945.061836900824
10.4433358234045,951.647931904039
0,0
8.15352372587315,891.396252432506
14.3665719875325,940.726274079023
9.68059717543737,908.912515543128
11.0229465562553,894.187873086743
21.1045796213335,978.407879121479
6.75141293955081,908.170642128772
13.5517294531641,955.38288380834
12.5052266483164,923.887568471765
9.7948539797145,886.613641492774
8.53807204583379,930.771441983086
6.64933532840266,930.893069818411
10.2915177691015,958.37825780352
6.39584347608361,909.705887922304
0,0
0,0
0,0
10.2026636445357,971.554057616776
7.18482392296927,923.955857340217
16.1208681320645,950.694872503948
12.0754898857111,995.935910095291
12.5388095336277,942.886591981484
6.88274309156064,900.132951939737
0,0
10.5789226669748,917.061748929862
13.8156551155514,968.427872166974
10.023754649781,922.882828094847
15.7028927890267,930.55650892006
10.8128575076982,911.146479678687
16.1672284548576,914.465688807354
0,0
11.1415978619679,957.487207828604
8.98493167477903,902.714547537836
7.11222883302354,948.280008405684
0,0
0,0
7.66867350983268,937.157198884935
17.1427199981678,909.22038698536
9.99182946727033,970.558160236012
7.13778088982575,892.524467324167
7.75379419808942,886.017516511515
12.0912125770301,972.147900177489
0,0
0,0
14.5864821169903,936.618871120492
0,0
15.2611504390157,957.563676790824
5.78127743222972,915.460968444172
8.84073357706142,901.777226427783
6.6383664997712,939.009033647221
11.1996011747833,950.315108794872
18.9481734090454,944.8772729748
9.07801259834485,950.455525552646
16.5853941110622,944.994226712183
12.6846218577362,969.018373386556
8.69897653220182,912.812740319483
5.35722753772468,967.173646331054
13.4247447320059,920.264647378148
10.2172692334343,935.692006922207
7.64346556914719,874.386507700225
8.3926575654432,941.514278188399
8.74195545324057,932.271255932752
15.074583702581,969.156342790307
13.3732231000689,964.371562951122
10.7399220029643,907.31530500389
5.32452825062405,905.452545072874
6.81549097082748,947.930415492801
7.06779215929809,922.813186608405
14.0113567997451,902.061338999011
12.1339283184048,970.992740096624
10.756618835336,996.259541643624
0,0
16.1613124300545,947.925653734868
11.5040393714597,929.509663510714
13.2098558471301,980.91706038216
15.1945467624287,954.180797308848
8.00945834117074,934.388552003864
0,0
6.68011358070463,885.509326789856
0,0
0,0
5.57286162895752,945.374859176014
0,0
12.4171526657096,939.312364951217
8.63567112308343,879.143560337099
16.3167208611045,965.64151285003
11.7218493764269,926.695553463106
9.84391840050485,974.139708462553
11.6880575692183,954.165935586424
7.52458779809781,916.92373720486
12.5923058250368,925.841395463163
20.9727481719882,949.69282588014
26.5312930202368,1017.18209815228
13.7647908789775,922.139254567658
0,0
14.2999556705561,953.531311214156
0,0
11.7690025182288,906.202937493406
14.9791641313383,965.552362461207
8.48009475297987,903.479363561808
12.1869731210238,886.00798940877
13.7022083199748,900.265727191453
0,0
17.5817178309674,990.42427150823
12.683105737659,964.511554667034
8.17749558162618,904.277743952334
7.83035552705491,940.10362692268
5.65063172199296,925.894928547543
0,0
9.63374636505224,946.896667938421
11.6903071709481,953.345326465804
18.3511853853028,923.270637908615
7.30882337449416,910.340033164132
9.46582961174334,890.230663969082
12.1880283061966,974.23912353236
9.09987444205481,892.735444701177
7.32213765913201,890.091440976836
6.7019579304418,924.451859043148
8.17952044884682,893.472111143471
17.2560174062206,963.977855570125
0,0
10.2624940056647,986.764788473629
14.2063339432867,958.675414595354
0,0
5.60480968074031,965.159468385912
7.10128094053538,911.054398734051
13.3816601873533,948.513087948558
14.426696025964,938.294902364133
0,0
9.87136018139335,947.488983951414
10.3503814504717,939.420117402175
9.06944503973913,929.752924258557
7.8279906554865,878.771681382199
9.7498254841267,931.151847909995
11.8802791868528,957.073669974896
17.1079953941502,929.6701960357
0,0
7.20732891887813,947.919159138767
0,0
9.24253239808524,932.531162937466
13.0839334630275,923.138457879362
8.99735052411278,941.972610081892
14.8702418223561,933.297745342316
12.4513626358539,923.222696026709
11.1617237604015,908.996648218774
9.7042839388285,915.947256866469
14.2419790108039,960.564564075474
17.1729450267776,895.713961782169
9.77307034197169,951.197892603655
8.0942259786031,957.460856294754
12.716737888401,951.013020939306
8.09090771940198,916.05927170621
0,0
9.87708571867258,944.928662460961
11.8217996831522,941.548430740984
5.38685862930877,889.966188477006
7.36930980613992,933.7552520196
14.8946941229441,992.795038138399
9.75068070923925,912.788473148663
7.13090046279342,958.623368959907
0,0
12.976164925479,916.424714962772
8.49800822137732,889.153235579855
11.9188803246725,925.611369268352
12.0495979648365,912.031391120928
8.9892224994911,893.905986545357
10.6149168905064,945.946103886566
6.02749882452049,922.363278811383
0,0
12.1422731249549,961.951611282124
8.31002617707451,920.358575421553
10.3914702868518,942.01190653611
8.34736680454527,895.57082710365
7.74761769910468,916.894921625243
14.2579798274726,885.75252374122
11.1349978776557,925.821686411707
9.72915585195181,977.812962652767
6.0148861086209,937.987232648427
8.03273266370842,905.680292214754
9.64987084283405,958.28338377323
10.4252574843626,938.864179232168
11.3752113048127,954.543540470306
7.15593864448118,904.05360498327
11.3027599111934,921.394628733815
7.3514151169945,953.494903174042
0,0
8.4405544367152,918.520765098668
12.0650982290949,943.591385034253
6.6737985218792,961.908352083418
10.2455070488135,899.3306546457
14.3440565318693,964.610280777239
6.07379899078893,968.560423142973
8.90880761479913,924.938077176049
6.82608958111619,902.442457588399
8.91051033367668,935.835598695257
8.81967112446015,934.740789283433
10.413500402338,947.529037844785
7.44488672659987,947.586060192675
8.43542519727247,936.28833462434
10.3501829466638,938.153762261622
11.9913165222925,948.017401161413
10.9961415391411,901.924912247946
5.74628256290665,958.241518965712
0,0
8.07396640085776,915.018469682861
0,0
0,0
9.96131668670626,929.699567799758
10.0630997628248,932.91385056541
8.38993236723383,912.579058439991
0,0
13.0890396281306,915.277419102768
18.4766716366596,942.736287388806
12.6029841422591,947.176187626191
12.1465687925806,925.102865126491
6.61316065064043,927.683535718236
16.0723916555473,940.979615184436
8.07349559230831,957.463299375713
5.53060103185348,921.527181149649
17.1401418338481,934.420214215357
9.26057618622906,909.809422812165
12.7048323583946,970.30468897377
10.7821355185415,966.601065781419
8.35085367367309,922.997169545768
8.47257456810986,936.417849887347
9.45896492080587,904.659729431573
11.9269343514001,951.381143094359
0,0
8.47306972511215,943.356349487267
14.4942499879103,961.96439923893
12.982055677213,879.95575246503
9.88011443330657,935.456380293514
15.4510906824855,949.78035001602
15.0833027583077,898.41551961585
10.8434788884922,921.200767428482
8.50989739595649,938.197240262803
15.7631542938865,967.242490479118
12.7836840116391,906.585733608442
8.94690922966209,913.582168519661
6.48588091607898,867.213223027903
12.7148425107484,963.520525478199
11.8990623121715,959.51577305253
19.8040831158198,945.590150689078
0,0
13.7743497491484,944.349437091657
8.57453505432995,918.931501856196
14.4000122799351,979.142327382191
10.1261429507926,969.222635335024
13.6563183333212,971.005774749631
8.22280198508158,911.036191886872
11.2245561872921,938.719775255766
8.15517826718169,945.013017993009
11.4609170203352,924.51354145039
9.89629189814377,926.8653722692
7.18181290194934,920.444593093262
10.5934709312789,901.404441066897
5.06248111659884,920.76960063721
0,0
8.6119743798771,899.028024766095
8.34810413253187,925.948992099734
9.73056361807125,939.272599602708
7.53678006748474,948.291542838054
7.72487219256399,899.444181281106
10.7836547047306,936.370068001769
9.72855226113329,953.515024484879
7.61843979224681,957.496451988376
0,0
0,0
13.2460151844658,963.804695382081
10.7146166069078,921.662582331217
11.5268032341207,987.652132905609
5.95818903319152,991.320713524541
15.9063668685368,979.697086511929
11.433382472453,894.217004005265
11.3448545310629,903.21005141449
8.43179962903437,974.886737469069
11.5025429117563,976.432315989151
8.50007398653338,887.41024726411
7.48434710486487,952.242317860847
9.90819868429818,962.220897392102
4.62854540551108,922.393818292009
7.47526027518015,916.452391636272
12.9427238158867,957.051000994844
10.6002377921797,951.69622478358
8.14343306770565,945.051031625646
6.30080426583121,887.544332930068
0,0
8.1607412328126,902.577851357885
0,0
9.43105128251756,930.399080709003
7.42341129590482,950.777513198877
10.2682465487868,889.866740915068
8.04888687562391,884.624884883888
10.358320390382,902.591895242594
17.1756934287403,987.840715909559
0,0
15.9231311158616,985.58008813461
0,0
0,0
13.5944521354715,939.858312110092
13.4959508588879,950.869390806955
8.53479858245647,908.881596206508
5.34635005440813,933.717614235814
6.45506818232062,886.844614307087
13.8555847435511,960.073719011717
16.6639265029433,996.890655152047
12.0744961795069,927.611301131141
8.8965649803513,881.078622225474
19.5739136412016,917.742754912727
7.21697348574938,925.07240999929
14.1043969246644,923.445534911807
8.93941181279869,889.176307293451
8.73667432777742,937.62647989721
14.9942702367874,962.781141164919
8.88003839980041,931.715352324688
16.161488397584,974.97839816728
10.2292528104627,904.016694314591
12.6938986751405,969.725690600716
9.89367214394471,926.468561395984
0,0
14.5421059413516,904.861274209461
10.8307910844906,1007.51894936778
9.69321489125001,938.163031143139
6.0726558433656,938.879684499052
0,0
9.53018069775717,977.095949179038
8.73168600839503,960.830766108308
8.79459047034136,918.663805662001
6.95496063782731,890.038711467357
0,0
12.7265010695812,952.71581126245
8.50621193352164,958.018134388899
11.3363164450734,966.475473936795
0,0
10.2057483263932,960.903607899282
0,0
9.05929984618433,942.827430580353
8.75273592707265,925.178171103765
10.3377820452894,894.714556825223
12.9505551550793,1009.3162329757
12.6540723350636,931.523462657265
8.5498573797231,930.017916559407
5.83718146478386,938.482470809508
10.7230653171695,949.767948260605
16.4979333067152,973.044183301546
13.3934355831859,913.304310460235
9.62392427226708,920.519079748766
3.98427746780319,961.878322136533
11.3846557114373,956.991660831902
4.83565810435748,943.03970414878
10.8563236564768,967.619292208929
7.10027720329444,884.968294824626
12.3867300799701,927.648401959906
8.09701607430853,917.6953175637
0,0
4.15748964142878,865.016037269201
9.41134360894147,896.593307845334
6.25639305642995,867.790506814258
13.6758462477397,924.584755139155
8.11446780299008,927.557432881282
13.517534666916,946.301863062441
8.70544620910738,926.616559164513
9.22442193294149,909.411534578362
5.45957688099385,884.16286907298
9.80801669335718,958.745912583845
14.5309378772527,908.596240100192
0,0
4.6026623604922,897.324943958434
4.45851226655552,932.386289615079
21.0694370107061,928.032695153069
7.69595330007115,919.788576264638
15.521381379956,953.025645811416
11.4760281807953,964.772703062268
13.4626989508676,960.462464884857
0,0
15.1931587107819,930.604307670034
11.2776509362134,990.719497067094
13.7110287561548,937.766269373898
8.91198308168185,977.130447307131
9.83288015868615,960.745017998571
14.3588864055944,971.80380349893
10.8149153142383,986.844315600366
12.8809955486832,912.194965062455
9.97775372337643,897.128719881306
0,0
7.97845320196077,884.175506328287
8.7627173959646,942.964531293665
9.81288324818445,934.385559650491
0,0
8.85325855300497,953.700002249249
21.1170116516765,970.201078142548
9.46295149479327,965.392358246678
10.3765587754693,983.473604956205
8.93678894761861,919.33445013102
8.03851549428162,924.695245470537
7.13312135625565,931.534785655196
7.80731425261628,882.881641767989
10.4913716138418,958.206896397384
9.99376135040362,952.046675222806
12.4877381535867,964.168265617489
5.24992735056014,883.860138321809
7.3788506764959,922.185838782063
12.0548216979965,928.22366990764
14.3471782594419,910.37221703254
12.2086185736923,911.670186816773
0,0
14.4045766497886,932.223544728796
9.55004422566901,927.48955986606
9.28123522336417,873.101213561153
10.0665708055168,920.201352500682
8.62379745240532,928.118219702712
14.5418668253001,1002.33746048733
16.5734743444778,988.866934358479
4.63195761482004,943.030977818869
6.14782013105728,894.858183795642
3.03661982751659,911.594213788682
7.77928770235267,905.75809060976
0,0
5.90452913396679,907.86499269172
10.2871751856596,935.122883985494
0,0
12.0547796025563,941.135575659911
4.79082333443245,895.295593802511
10.4861000641241,950.786969657922
7.32636928555525,950.997016571921
16.3199449006491,914.558321612015
16.1877740217505,1001.79882815447
18.5671524760085,985.750709990639
12.2722834556181,925.953211459454
16.9615653549941,985.081441629065
7.84934846339103,924.746265635097
12.19605220779,986.142668560685
9.49505086258349,941.113586700364
12.1013238864065,994.660910266784
9.3361856832128,905.340573213262
7.23887496908144,896.263693544772
13.9258528322207,974.878186358508
8.86239687485426,917.646974974502
8.59364223263802,944.8410622049
10.4026499504168,965.928641552542
11.8967168482883,971.127081559417
10.1204111310221,892.812877522253
13.6684100092985,988.208838753236
11.7428282468616,945.538957933468
12.1754267327466,909.171913563966
11.380160301664,988.101876666202
19.1497476348973,995.818427250359
13.1522836973176,927.374945111054
16.7234271528382,923.703263080627
0,0
16.6601815236934,956.208920763622
15.5770781422054,976.508014507777
15.3284978012275,930.903152750937
11.0906274274166,944.310025588334
11.0168254155977,927.346703400059
8.08276440228728,930.440069735697
16.3623248122746,974.73530976327
23.5738483731783,959.944002277806
7.22778600745457,897.234875982332
9.96124550756937,912.141350192679
8.63837502281454,936.254116074362
8.02160473793419,923.405552104459
14.6798110509129,925.8864159505
13.8209664008646,942.574705589266
0,0
11.4602673585374,934.424068494257
13.1779209223602,953.020543964282
9.42958999747848,942.871080586026
8.36794234068232,980.927564733921
8.20449204585484,947.534438901727
11.1551475505212,963.952455192228
11.7002867533769,968.635942461326
9.26870535233761,929.919794988557
0,0
9.51894880444713,951.702697857798
10.6848225295236,922.823392298616
5.0558612933745,963.879753425178
16.8926073242084,986.012620838465
18.1938532673619,948.181287583541
12.4664332731672,899.19188718277
6.04392436645578,959.291549573627
8.63261038583671,978.429940959469
9.99198979540609,934.991515823919
7.67996939741013,987.739866986072
0,0
8.44904387255674,907.310092451411
6.40252697181886,935.708161251296
0,0
0,0
11.5016476079977,905.409403943463
10.4228865241962,921.790013502537
9.64916372063167,874.471632935832
11.2905166419366,894.832691509069
13.9135695789726,925.240474594647
9.37005665345223,960.602282388722
15.2653806174496,984.352946955392
11.6843037274328,915.084092666328
14.0133592902031,913.75578178595
13.0253577500631,940.575239649306
17.4497245847952,926.061745341093
8.59716839954782,934.036779563378
9.66532355358347,874.199400667685
12.7727905291385,913.768335132654
5.56599625495749,873.206208042216
16.0744529633099,1004.81383606701
13.7789853830517,930.258759409
6.19121568705033,924.181743635676
8.95707354084993,952.824564911937
12.7249098058668,942.729323586735
13.6070570046531,902.648847659359
13.1758283084975,948.366417648951
4.22480771979466,957.854156023199
19.8843079696614,924.154710904854
18.0616361243396,968.9241405963
8.7939739705947,888.647735624523
12.4155302202294,951.264764131938
0,0
0,0
6.93308565328136,976.789984158866
0,0
7.03749990183928,934.612172151214
8.17220497281502,939.989506716698
12.628699417609,928.611455578539
14.8345559833673,920.330209164794
19.084313727183,1003.97955326083
4.58010302498984,972.393065296367
15.9790548962873,952.786779980025
8.05264402164895,947.598049468454
9.2050907701068,965.820568709069
7.79832808242223,940.713215418855
15.7710168203778,925.904968947372
9.24101414797287,912.230926815283
12.4705079925419,905.149263390747
18.4239724995858,970.775670020947
0,0
21.7953812051681,1022.95919629713
18.5370956685024,932.363147075367
7.70693023758746,937.051127865682
10.4622800104854,899.986491022622
11.4959847718823,924.410948490997
9.33858017403391,958.064768853164
11.412679731401,918.736720020779
16.3890144777905,948.361787814
9.83658089080834,934.846896635079
7.74154579670551,931.178613179131
10.4701769989183,908.466052509607
15.8085773885002,893.942207172008
9.06654244486026,937.200326597307
14.1695355539934,961.06554218818
8.05103183843619,937.044313441506
11.1502849396754,948.372707909867
13.5529083689685,1012.02357918645
13.153932838601,961.966336145036
13.8568240699132,956.603414755058
13.1888573917084,987.913203054867
10.3370795027163,891.100564484761
8.53309096332965,904.773468932297
11.1741204458045,889.966695403816
13.5566846146261,965.693185854355
9.25278156990867,968.589422338885
0,0
12.3402752311771,917.015643303789
19.6394808563547,1009.00233723982
11.8630694278798,882.029416499287
11.1246712044192,964.810816250213
6.51104165542522,920.067746931035
10.0029119014506,911.795962326061
15.1850493606901,929.017426677695
13.8532702957853,969.857797446008
14.8779380353936,898.185478378613
15.3284806315751,983.740672312376
11.9019633923678,907.125026378345
10.1644383202049,930.899877747535
18.8218407863721,949.916058184607
9.19918982808819,924.770199461382
10.5382823273625,952.723254781782
8.03642406125124,920.498897352552
8.44702490197782,933.705449581378
6.21964413214151,934.5415683172
9.97736675605978,908.023091453877
12.6177091915778,970.66971626577
6.57245394455691,968.687617710121
0,0
11.579284233071,961.538265258316
0,0
7.89041089288508,946.076417410068
13.5163946361362,948.793164862034
10.7062740335129,948.893931838079
8.16279402943824,912.926385835965
7.66547395769249,962.606376770135
13.4149595092281,982.237092120212
5.40906065631038,935.759204232847
20.0999857861256,976.239094329582
16.3311109669186,983.501954562975
4.95708714677675,873.02245478737
14.3145451239129,903.519058572479
8.2619914433206,933.875663960321
10.0837169303829,985.914044112951
6.97840794198492,912.995539788592
7.59246809107873,960.617710638638
8.52484772537422,854.643749488196
6.41260352208727,876.248403555265
9.51507967736332,913.080316034928
11.161658980015,907.66581374132
6.30312432786765,957.224039748069
10.4140674353916,923.35845877831
13.4958561778699,918.066495080964
18.0651710434878,952.851801933741
7.85537426034568,929.118269989954
16.6692743119325,949.40295771114
9.95001919160454,911.839353815014
14.9394002404778,931.665366451941
9.49557619478938,975.898422191013
6.7673946245664,926.986398454662
8.19331082508518,980.502195280709
9.65970737548323,911.216193208274
13.0122651015752,901.512493527515
5.12031964931776,929.66409250389
18.0829875793781,928.410576616832
12.291288605359,943.531643527051
21.790551597781,961.305034135516
10.0787451894146,947.052520860064
8.51319943634904,876.166361064176
0,0
6.08328002450198,936.983248724867
5.78231834501757,956.756234618894
6.47799022411134,885.08309214265
11.3926939447246,981.614959643915
17.5033713952792,986.599624035924
12.244839813362,916.125131866007
14.5878576208052,956.947645023714
22.5994836106831,968.292811488404
12.176534032611,894.445959503673
0,0
0,0
16.4010480715323,935.090341373123
9.37677483702812,900.206544552638
9.92693131856212,896.374709940274
0,0
16.3314539060738,960.723618614271
13.891239160233,969.229518297946
0,0
0,0
12.2674785566627,932.585285712704
15.9887175289498,950.227020671463
10.5393725575229,942.796558556173
14.5353706976046,934.947533877835
0,0
8.23788000181666,942.347434745851
8.83340290431139,921.695882339984
11.529179252354,943.439813470587
14.7005803663671,973.48947648716
14.5362833925324,941.710793086563
13.9907411211445,953.387026895424
7.86746875690361,881.464463848669
8.13195942004265,939.332056191696
8.94419386980038,939.953067682876
7.07680446703657,880.806755524552
13.868261093772,926.611515134064
9.34230892508926,931.224772092189
7.18800845832908,938.661565822972
6.86922974782052,949.383370249406
9.10437744244162,912.645681251974
13.7853370546702,978.343155234575
14.656548204684,942.657343092514
12.1719520459423,992.187383470251
13.4171653540181,891.052827877311
9.90965602466873,914.382443877273
6.99699977370867,904.050304170259
7.38876632309799,932.268752841807
9.19295344637064,920.459833104114
0,0
7.80371722269595,945.958016377591
6.51512755925657,920.558423600727
5.2439201662903,944.426837632002
0,0
12.9275082951667,990.110166266095
8.33360607601697,961.999396547302
9.88919153344739,898.959455613757
9.62064859515704,930.43111769975
11.9048022530035,944.672305484734
11.1601982908305,919.601776309001
7.67142268853029,951.321791180885
12.3973839653925,905.215595598111
10.6075921981092,964.527595914987
11.099460430489,917.383761506167
23.5397943703894,992.77928564683
6.58489146364322,923.424787643782
7.16582434920594,945.285748999668
0,0
6.98293646801737,960.503535347144
9.47314984903174,895.534968633689
0,0
14.8889592565008,921.590363516414
8.64907950951986,915.5422576405
6.33345420443469,923.36565269433
21.740666730584,990.920410131463
10.5503881987918,940.046401342958
0,0
9.28619842469795,943.904973113963
5.25276812803745,906.717248566425
15.8505274295579,913.805252971095
0,0
7.03015507280021,906.101145924647
10.6709595284316,897.483622189309
6.03283899958999,916.334899344305
10.17703824651,955.100052511049
9.38131992309297,876.038509585492
7.95840964593371,951.378407844364
7.05000932712427,904.248512797612
17.1188860922644,924.18152611904
16.1763487488667,927.74168010832
7.96969510936145,927.233599148926
13.5106284776464,917.977406925305
13.1203333081185,898.369981534399
8.70754755123256,912.546721508603
16.7095597151244,971.678638384493
17.2019287941911,978.040211527853
15.7196888313743,912.972620012054
11.2022845312558,973.989956310626
10.4531006303915,902.198210144567
0,0
8.07651221778275,976.811392824331
0,0
8.74142433252839,918.824498938605
8.93268346526856,933.468009295095
5.95443530096436,899.142169622977
9.67895817501762,944.737173014264
6.52088887402534,919.280504001282
7.63874182507426,926.836211612922
5.92138650217426,955.070751866346
0,0
10.202105438596,937.311135952672
13.9656874192218,949.705093903918
12.8493845864521,971.838899555779
13.8246189106338,955.373335168471
13.9381160574787,909.655514158959
7.78693367817491,942.791717520788
13.5617031986299,967.168876690417
12.3209661103494,997.063651588434
7.4986748774605,904.468456771639
9.61930599528502,956.174227463648
11.2391648492451,935.861045876028
16.0703330778293,917.989861916447
9.14269764266142,888.729671406282
0,0
10.9804798928554,1008.91769378897
11.5500077720488,889.505677148728
0,0
6.29692703053583,898.974081191636
12.5561825447926,959.685309367028
6.29968936655663,902.791105767654
11.1986823439074,933.527853900132
11.3258038208006,960.146298146501
9.15328366492285,916.840261884427
11.0994089940059,891.270792720446
7.37606088557364,897.698740466838
9.33010682920261,917.366538286079
17.9327697003063,948.106669480077
0,0
13.6674672358839,960.204077851194
14.6818115367725,959.655210230158
9.26950759970018,873.410115488854
18.1538761755432,943.95121451031
0,0
6.82066348828297,911.646686445809
12.860085917152,927.120768916469
5.06605643941986,928.688909700646
8.82234936409491,943.220139081965
9.79418638368887,884.732389017599
9.88025907135355,920.771285591647
0,0
10.219609489514,900.932476073576
5.98765809806964,909.544838457047
0,0
11.0073401264077,891.436919121096
8.90633747636899,945.797209892975
8.58020735824791,947.353348873188
12.5343307977281,959.743251689054
11.8076866022498,942.232235583321
15.5693312740239,930.991891748393
16.6743845135315,964.984685550651
8.93030976760016,965.086001037352
13.9846886360991,920.502410800652
15.4571981597321,914.975340303084
8.61694430645526,920.294215723792
11.0543415106909,918.738219242558
11.5725761253742,908.266472766776
11.8771000501255,931.75494097497
8.24569173619776,944.972903410597
0,0
10.331973525436,990.775735316055
6.25974307823985,933.882032440094
13.0056086492215,929.358119734714
9.96905085264952,989.149684944034
11.5195534453752,929.786840295585
0,0
0,0
0,0
11.4734480431879,913.731862413982
12.3116536475656,932.879669080418
4.80157517566594,930.834863420043
7.45078364916684,891.062753586339
13.0003957774961,958.749197776897
10.3926401172092,960.472382589792
0,0
8.11059056460498,901.705267989929
7.65548831511844,895.855419763164
0,0
15.062690872117,932.566602809896
11.0370363316798,939.166105949372
8.99729499248638,981.310272423157
11.3294531739024,978.414521253125
11.548246151245,973.525544302871
6.54211294447118,864.962968502896
11.123972730275,951.837345885457
10.7780090529632,931.582769542977
8.75873752181228,929.633129887517
11.6960772786055,946.334932269933
15.840102900209,929.720740815111
15.026687885075,949.733769131153
16.8486459836292,983.03703402602
0,0
9.1138204449221,945.516237774934
12.9442688098546,984.877496374036
12.1213388520057,912.252384604409
6.79564107017739,948.886242254876
9.09738941163357,900.987123158783
8.82219035754279,893.358987502916
8.33670733558871,946.163485787096
11.7554784339543,934.961312662679
12.0016455451067,931.054566202272
7.84652330171258,895.919672913862
0,0
6.72527214198526,901.135706071266
13.8002847936314,967.409491685586
11.3862853703969,919.880406588586
9.5304043371805,937.852807012148
7.84850789986977,934.543966389195
11.6806829775038,917.160780227109
10.478740320388,918.209499109194
13.9075970500427,899.35338520226
14.8650225299428,950.378466651013
8.84193531000038,893.023637385553
5.66592621985798,930.355232018885
0,0
7.56430820481533,909.845925357762
10.7160190636729,908.634041799158
4.61657194812534,928.538520155266
17.9796415414225,919.587325598298
9.42110590566602,887.265423295219
14.4199762988827,954.975801732548
8.32293955207259,895.203484140604
0,0
0,0
12.760795657034,956.347670048003
8.39864115638397,906.058387313328
16.3251312005904,929.416583198504
0,0
8.90893739229796,894.010898927992
