"base_value_negbinquad","bic_nbquad"
0.382482446395072,162.611827129994
0.266178081628904,174.710465792274
0.656473300278306,180.957637825077
0.538033963405898,174.067867574635
0.433688961096697,175.091113277903
0.571087368337982,180.309893727045
1.04548121872027,175.545094956601
0.423862109512482,157.446392538323
0.483151683412009,181.768582624423
0.345766435915651,172.441909478566
0.410823602811151,167.886643714274
0.564003459681458,186.458867865099
0.54237371681264,168.040592684481
0.367680538716205,175.458962013827
0.51323740006695,183.73542272449
0.0893455041806424,166.953138843653
0.1475820321956,179.472304798248
0.800665360790255,165.307031415861
0.468692384844937,161.185903098657
1.11835525393249,176.599921882454
0.787286962165143,177.564407321353
0.302056409790217,149.264675728
0.22481548383879,176.3862142137
1.88992094379943,157.572553684554
0.651674589178485,167.139292676643
0.251617746719394,160.981765469157
0.160743671790334,180.033777861762
0.586686763343769,169.236571225301
1.17545569637409,172.9537583914
0.191774708337802,187.855850056142
0.592056180707325,179.68980835463
0.978942869627974,174.474953877061
0.364673074998921,164.373001406885
2.79048176846653,173.707560609699
0.153501237911894,185.96553207063
0.776933135694744,160.307880984751
0.470191108238115,161.226362485549
0.281283814080374,193.733890369786
0.288371935137183,168.005282692849
0.43979525751715,170.651453593028
0.817387851791358,176.613790772066
1.39992871760091,175.189510824125
0.429633445297322,169.991957606241
0.613132210114611,173.818118594169
1.42092627736872,181.973567130897
0.32291726721186,178.536790224661
0.564297725578159,174.305278552117
0.931337888950051,172.645046703072
0.334992570619799,170.521708558545
0.755256318116942,181.768002138876
0.657999564965735,178.088083975657
0.813260837981286,157.315329815434
1.13811883295752,181.024723098162
0.330215155674285,175.600179140513
3.5497773478626,167.968059821227
0.157260969910383,173.002326188784
0.783140514059715,170.075046164016
0.154140692406197,173.099485800167
0.11724983445319,179.856223617566
1.32292818003468,173.786548901833
0.443974155620999,155.168461686612
2.14378378749974,174.229775813146
0.734543995658973,170.444331602672
0.604150109034803,171.877272309356
0.838672489567254,176.626342122963
0.465821305743834,161.154885460652
0.173748218067385,170.640117409367
0.218141303529123,177.725776558469
0.675533295131471,179.499871536298
0.374515274266331,180.068533289857
0.204808169036068,173.274402993532
0.949178863936252,173.071417705522
0.408988702975406,178.35354472438
0.355836331241224,158.446203278802
0.561628455513244,176.958040237912
1.23923455075273,165.416413422285
0.260859260212146,175.4793592271
0.378443618255853,179.948081944188
0.111327367681388,183.969188330872
0.505466044026423,170.480265616873
0.677044248812175,170.787131123604
0.0615415809362148,181.145975954589
0.60484044354066,171.78934804506
0.658490180027263,175.58342689277
1.65048411310189,159.211225002271
0.430106304910142,178.266731792416
2.13782293809515,174.269058492028
1.03573234532196,178.964508316049
0.722754578047113,181.338730881481
3.70913883896304,192.240124361092
0.469173259430642,176.35409118959
0.272803957020429,178.168238489609
0.738433775425544,175.276082829399
0.595555934258842,175.2143964399
0.32064334961064,171.50131690324
0.990788837654149,188.622764359324
0.250697379040778,168.959899578661
1.48907591645216,172.971846025558
1.39417618554132,169.698468491353
0.597101460331787,183.289801732859
0.56686653456823,178.88102426873
0.439857374583786,177.913798499452
0.317908512563968,178.37288788122
0.393869714303089,172.579249947029
0.231985100074919,184.613513497461
0.327911314813819,185.000465311366
0.177672233385262,163.619338983515
0.158751627350357,187.84209662386
0.851039584655856,189.613292746477
0.10887998466024,178.034152681345
1.31822786191342,192.077179941257
0.325407793299958,175.258914151577
1.25119807366242,171.886943092566
0.801228816867359,181.532201291117
0.340354367593578,191.314182953782
0.344836537993896,168.594044601784
0.198408478644767,159.779763985054
0.412393090721211,185.576200415436
0.4907410667809,177.907943814104
0.124019554836765,174.298367346715
0,0
0.199075250452272,177.37421800631
0.408580158069914,179.552754726029
0.523274049305271,178.512266414108
0.609914048653765,176.488109494183
0.958666103514321,167.971974543543
0.729894882029031,173.164608433203
0.327027730786496,172.49011855533
0.969118038011716,173.360515514271
0.61075740354563,180.71931295403
1.17806654480909,164.304320584879
1.31136576620889,170.386242152775
0.275301263723061,176.862085682206
0.190315339726781,179.49834515566
0.418711780872486,182.228547140342
0.307582164640368,186.877019003237
10.9757695615708,178.919026845432
0.576900404281798,176.109172191369
0.516299521589997,174.519480719899
0.50420060485004,169.52760771439
1.44289510262466,181.693880711236
3.88022175624169,184.991463079805
0.105219511458817,185.074542290202
0.27826348394083,169.127540121803
0.616180073802254,173.730950440878
2.29084238654977,174.350727703478
0.821368985489161,176.809257896682
3.23275788790441,176.757582546782
0.560565939729972,180.5139228966
0.48173127020318,174.52992344936
0.386663804680525,179.860738872613
1.69764028485214,178.047519932159
1.68639677664103,170.662798324803
0.875451120053251,186.033064861079
0.164726268151016,164.148841705104
0.315187499669438,185.32971536991
1.41493711086049,193.889724618922
0.701914651460221,174.78423703487
1.39390784559521,187.301319445398
1.00556344280946,185.944285037463
0.58248782465878,192.712329988285
1.06048439123248,172.975056053652
0.504669194412501,178.911213560346
0.527981477645448,166.014131925122
0.237042867519637,188.409715959812
0.425349861979205,169.655938331091
0.442320389117606,174.648483463087
2.25720534430927,180.977783633108
2.20282370180252,174.570391059872
0.869774885671181,184.74729557714
0.881687578290855,180.464225672366
0.470010246888523,165.334753428654
0.174315136702351,176.831977804939
0.381729593138223,177.619688413305
0.484989527047537,181.728511655593
1.53732826569913,178.669505886519
0.155057281817818,164.046543923212
0.910218863740679,171.158665277391
0.939190981556287,169.776038906223
0.574960674882856,167.723081532182
2.65496874727094,175.159572401798
0.827665199770007,178.403192474823
0.917625954573172,185.36962552363
0.858633182969983,173.683174664688
0.661128883638992,168.498379056257
0.697850809057331,190.89157390258
0.690941581668109,171.319947350538
0.172949867273522,166.645435392835
0.467161975260354,170.449717744963
0.853585064243604,177.64017594369
1.39051340828906,173.104554652614
0.492636780702235,167.147754860516
0.758121984963096,173.741488377901
0.862235613685943,168.404727521456
1.0946277291928,171.52964747608
0.172368884170189,171.34084428721
0.193842262626823,165.210372723011
2.28226230825775,176.412550086124
0.379362955938204,169.714208921833
0.47075872749623,175.573240227595
0.754279705851083,178.453212878666
4.24741221156486,178.985581542302
0.867349234659303,172.268375920745
1.12773662404966,168.787069236917
1.95398774198421,173.053025054036
0.202511142615675,170.615360625378
1.19289882907829,172.860857955628
0.683414416458092,182.607136081072
0.318869087171576,181.738325544724
0.447297799977981,185.558974945446
0.629324259725772,181.869815382582
1.10493352574441,170.666735411876
0.220567234660235,173.925817587304
1.43944496718404,179.975189435503
0.253105641170462,187.398654365124
0.891444927546497,185.126249036135
0.301037526141385,168.994011017763
3.173050439679,179.335418448695
0.165519513324419,173.665754047243
0.380327493873083,183.675352976664
0.657176337749121,178.391021871716
0.224252609547736,176.126112087729
0.303606683512528,185.58094088999
0.672434700228969,155.178665345056
0.293935549997147,178.350258950416
0.317850999872895,170.542812903139
0.325537198985828,180.017683446273
0.433939662927879,175.727203588923
15.4437458632219,175.746951425415
1.67169229922329,168.014395060808
0.464997136433933,166.089241652154
0.623316014598459,167.993706189361
0.382193296140709,169.430619594258
0.376923634540181,167.042054809663
0.258729359211966,169.478765343225
0.50798643280184,167.207597868922
0.201292150614856,186.957062948542
0.136269654997224,176.991098288151
1.64132521372915,168.295909460314
0.481559467453374,181.216618318346
0.171360768043238,176.436514487376
0.810424713775184,170.385734390948
1.25792669744504,167.50577440616
0.459975889213757,170.341086921517
0.17023101600627,188.606296463845
2.56662710769232,174.860039262371
0.703232104149464,182.943711829259
0.686618673400136,171.609274704221
1.02905617426392,188.21611882789
2.60971254950971,179.096115033748
0.139115487441564,174.257354250309
0.5044633059393,169.488937412643
0.906640606611048,178.291406780551
0.929341259317018,174.147729645856
0.28277293618986,168.45733614081
0.264844985324331,188.826354025405
0.512073885906384,181.687511256831
0.13060474868443,175.38312057078
0.638379016225426,171.341644099476
0.507706580672354,187.918673922057
0.373479173558731,175.80873126496
1.4520245738224,174.863067860054
0.360640653024801,187.942614801829
5.13279274700179,177.331123025797
0.613832763644166,173.438539816273
0.479655442553008,177.636751711012
0.361158362796542,186.832868872774
0.575719272293333,180.49125437345
1.06541089557778,185.702022957974
0.218951214076856,172.156973155029
0.315413997937725,170.993001382044
0.253740335203928,186.395884731663
1.80706352787775,180.220202872111
2.65525990641274,183.871096631426
1.03108267666545,175.436761008284
0.536238683617644,170.314751315981
0.577185979112365,163.54438233435
0.576962049825202,174.155696193361
2.05418647653446,172.99335632814
1.44021408355579,183.356564396788
0.744579232441276,181.258842294829
0.284250166286161,170.013132037301
0.258911470157621,177.783685849892
1.67622164576491,172.981562210185
1.37117053340325,172.736080172039
0.446987603771299,191.642772125118
0.409407217056131,181.237702090461
0.49119855676986,172.023241284789
0.411987389804368,181.84481785377
0.487843338994675,179.345219980175
0.439474745159982,176.387039575581
0.792860580378434,191.082036061244
0.78001514841671,166.743171807255
0.315777330724495,170.244636397548
0.312457969436071,189.268459623235
0.931415890768165,175.369362404985
0.449187012761649,180.168040771681
1.36844782180099,177.395173237247
0.662815210937823,172.486213051452
0.478541788304584,158.097652707332
0.338271553340142,180.099380768705
0.270478889534234,175.217663684037
0.360709619954359,178.104982798032
0.271989094705786,181.478897452099
0.459232491378265,165.152239997264
0.370937631751089,175.741770398544
0.696667018632787,178.473311439164
0.136175310235365,171.940072223703
0.493637532540897,181.908049938386
0.628291917711531,193.648613041512
2.51893113999368,176.464232960637
0.52438415026969,146.008487236995
1.07951581204584,175.076585953755
1.30982360770952,173.203880896737
0.210326300160374,183.178309788472
0.417237898722643,167.661950106984
0.244287993222248,175.570312808674
0.266965111582048,171.213091514714
0.179968163492489,171.537563049653
0.40676982613613,184.617213043471
0.918302463220816,164.871757843428
0.576930152267164,178.102649089954
0.244160370707537,166.370594685107
0.833474111550953,168.833685044228
0.573434217386601,178.771696060939
0.185914613238496,181.111624447707
1.61100572437039,158.646116546327
1.04764881175391,176.946726478744
1.78492794465537,184.072282641663
0.638547445791878,177.528902056886
0.251286173450779,176.634127790887
0.474512923060557,168.416557082215
0.249799816057329,170.082522770363
1.01613415521188,178.45950534067
0.73888178504722,176.277628533196
0.521554638080514,183.634754058876
0.530329462668146,171.048553556693
1.05486197638736,164.218246372929
0.335018081595366,182.197056769611
0.915391353986343,179.596105757691
0.81424441333774,173.971922306897
1.41221894416743,174.137224265433
1.80430906305032,165.327511979528
0.513381243915053,181.409918607947
0.577967616484978,190.427953427645
0.756685001653501,142.738132675848
1.07453160251185,162.970454847917
0.245314113725308,170.143839668913
0.881387901180392,169.223200337484
0.423767938005484,184.089044173659
0.334614630162087,172.811957951366
0.262852800011432,185.389224758737
0.432256476354822,175.997259232776
0.610610555765726,181.743547545953
0.925301993599272,171.068892172462
0.586999854654011,168.247968417645
0.677096793068595,172.760138519938
0.551690277949641,162.414100912749
4.14081903501948,191.844746080616
2.48417532341972,180.819469777052
0.172852428401505,168.909648332495
0.375634577867925,172.907250867745
0.173904854082661,178.019912429254
0.117004256304846,197.6281275698
0.554271739054497,181.16463259772
0.357192659480294,176.47735155466
0.153457036128775,188.463480766128
0.686810372289534,182.93941005705
1.42868981620173,176.890147983938
0.25256523744491,182.348328575182
0.614015109159402,167.087951621539
0.543854739813852,186.174777084473
1.13403103642473,178.243909664322
0.446379847945611,186.602125240617
0.624506197723378,176.895778675875
3.21889123450856,185.205997119801
0.33631076570954,181.703086276089
0.51495912846377,171.559268679526
0.838059509190765,181.130355798107
1.11628268650364,180.254290422514
6.05930024301836,174.041749680154
2.62038961827007,175.94355391027
3.04925178580777,162.297123320447
0.594661568992427,175.743524684044
0.330821111147564,169.145653232362
0.91227220376808,177.446112545413
1.15530023522466,169.457046895546
0.22709721325357,174.164894619427
0.322639310718084,181.624885522039
0.747559396640712,173.922531875874
1.7350336965805,176.869957408799
0.384042634152949,167.436724426541
0.319239910499928,170.376845107243
1.27030381772073,182.349649057786
0.400596518819545,186.113743015486
0.309087276304,175.047290198868
0.496628788322919,170.487429664962
0.606218926613298,182.870992754375
0.773604217468923,176.532096785328
0.843993309212993,172.074739688323
0.530790880038631,171.372547612519
0.719683002724841,179.144792455454
0.432447250228069,174.320731644776
0.297388956028788,166.855641126755
0.341194081369895,185.276224588703
2.57537380533897,167.020598198934
0.0780489112288395,172.939260968278
0.94525366309271,174.047636675106
1.237336357759,201.492187576597
0.263427719199291,179.102271093576
0.935145961240911,165.724583895975
0.510657595304548,183.456951718951
0.4230779233537,173.019028534644
0.511129635174206,177.0713567686
0.256331546032523,171.910941642548
0.830049754591863,176.476575399769
0.446760045974257,172.464174328658
0,0
0.385068123991725,159.269699798953
0.228192372611652,173.161118666325
0.327536118788845,175.105850111818
1.14234538268602,173.6291215968
0.220761488074196,163.92590568661
1.14527556175894,171.559201167099
0.446785596233759,176.136529359201
0.312832948115357,152.850404554278
0.0983798351227282,176.530424637515
2.66581592177984,174.69373570518
0.155359144198584,173.42078633601
1.30622886958195,160.946623944623
0.149659186129041,169.276415954604
0.485290655823187,177.424499745653
0.482469818227751,180.289972966551
0.249118400727464,177.680844842925
1.82302167027852,192.163083561904
1.04701118916567,178.581290443087
1.50289182033682,164.39739148566
0.518638327239169,175.720432575488
0.200483589293174,178.666484853612
0.874677787236757,181.64346283664
0.716529733015864,171.522467876063
0.176930490857085,179.612137454193
0.846081809047567,186.507313539477
1.61066108897412,182.007328843881
0.19569879558718,170.526895764399
2.49011747256532,181.556716253795
0.453310356852074,155.731838994092
0.879113605247653,164.488493566079
0.772079372276007,178.729032294273
0.415483793976677,180.495301225845
0.47074378162219,172.493169489495
5.26462071374202,184.110401040275
0.50595696234164,184.134422405994
1.67565247468599,166.881563591118
0.47714264504268,186.217769304482
0.597271686675271,168.216253655912
1.55903542660714,168.533990569491
0.802886196898957,179.310290861903
0.25778104000911,187.865113937685
0.196098857067122,167.798812764443
0.48010663222761,169.541370939911
0.419559010250408,169.530471358068
0.43352979002734,168.760629271217
0.77741346196679,183.06028378243
0.197383309629669,183.44180553153
0.74196314092129,179.076646639052
0.344771888157394,153.935957553199
0.589868092962317,176.035058181016
0.305218931496803,183.6149323946
1.68172794860535,164.810427354539
0.258245773677324,178.48359137956
0.874458393225589,177.292737123676
3.22456446784326,177.441327412314
1.74428747751795,189.980416416315
0.456260337803136,173.796945359642
0.610027540353029,179.79749969216
3.72313508766915,174.755323934885
8.80831355521933,181.019546469956
0.93024473439094,163.996716808569
0.330262728116346,156.461209174098
0.44552995169772,174.885193614579
3.14478054342803,182.652491805681
1.15389943139538,177.928857510561
0.229569502336302,176.851003795351
1.62530696445832,174.330701205956
1.43724616231742,173.297287239739
1.6453036228458,174.477066903883
0.271445215832028,180.379856009532
0.0886397508874549,181.080160549232
0.217643803144424,172.97980721994
0.342772402524614,190.8134824821
0.699554052004376,175.124161173043
0.401385242304356,159.015352562792
0.321145518044107,163.357538623649
0.600896950013447,168.13667607116
0.126630131762757,175.274855873605
0.258238479137662,192.320664578961
0.231874772104494,190.129831536146
0.59162935940604,188.028610315401
0.604486759298713,165.246201312966
0.603866879224233,180.875888860216
0.363958848924095,175.832248758059
0.886334443800842,178.640175313633
0.321647098678332,159.487941456026
0.364652142303268,188.13673940065
0.573822831870629,170.328760025474
0.56419857948627,181.576729962555
0,0
0.510803863826951,175.44747259611
0.391377603343763,175.779074467029
1.12593266371935,170.711364018553
0.137328993770399,175.249800824299
0.42366114251471,181.921515951118
0.473574967361503,186.806757584562
0.46055958547574,171.269383091131
1.35143826670112,181.843874017857
0.41173137153134,175.191707087477
0.820790648958084,184.662565131893
0.31958835372682,170.343916447901
0.213884787682527,171.423332054999
0.432307059279642,173.936717927933
0.220643205665117,182.049874965136
1.96637625915527,175.963137085539
0.522580058171029,158.449302864585
1.0311861989162,176.593139880881
0.515353116918768,176.305790002149
2.39892590908214,167.026875516328
4.01225930618473,165.342638181194
1.54419407104688,188.352103812873
0.56876206039871,182.535759876082
0.308093305738414,181.765848111415
0.350981970518937,171.048195035264
0.134500659826754,180.658099677481
0.126514842528496,173.98457763266
0.111480156122589,177.884225140816
0.34895713310715,174.348721345185
1.83426632257256,165.134623934206
0.264595806403166,184.397186651642
0.528872083227424,168.539981238983
0.372614634226405,177.576164360282
0.487466675785263,166.795829769044
0.410743327442249,182.532891506591
4.33270020786801,178.044275759563
0.283537509723057,173.341043618782
0.40912637990747,176.671134038571
0.604666337688947,176.241539575263
0,0
0.234176236559843,175.43292003771
0.630216826630213,177.890867798503
0.26202433418204,176.497193051727
0.285098327943957,180.791550243758
0.455420437343609,167.976455407121
0.436939573743844,167.50169782305
0.258820263323468,181.706935716922
0.632163967159963,176.514312415168
0.287129209885184,183.317081365322
1.45719748953234,188.958019910598
4.42368282566686,189.479725513201
0.189511538379428,157.114506278126
0.767283093905441,170.128497670904
0.366862998424247,177.051459950118
0.373213627624597,175.643984543317
0.382124571076066,176.839487379627
0.274923732798351,163.981710133913
0.262290600140401,169.812668270059
0.56797428413015,178.706536954902
0.44756120132679,166.32137276412
0.267315239869809,164.083535149616
1.575465515364,168.522441330825
0.15424641499195,179.473313890713
0.64845648517531,176.80058400547
0.409278831575248,165.239386801092
1.12049081175131,182.453021325818
3.38416285338629,180.142488115804
0.187980230417278,184.723579217148
0.64419718604636,184.365670781196
0.120204247093036,176.780306536545
0.27691197176728,182.886244525998
0.365561330955075,180.110026566882
0.418555171619454,166.798217245989
0.205667007694785,172.353511280839
1.00958958624956,168.056259228571
0.215744820778766,180.304183941009
1.0379861827452,183.627911967153
0.64403030107028,177.881534761448
0.371645647630004,167.441193437018
2.31798393190293,172.428338592248
0.529633709106638,183.801457947709
1.28360978343742,176.260390180922
1.40611648000061,173.901746510675
0.290768686138787,181.639162661464
0.785237754751335,159.041781724006
7.50903959802703,181.433247716508
0.567022540641106,173.796318099782
0.682166116348464,187.501646906378
0.605130124918147,174.894827270877
0.605402025510315,173.300943431475
1.54603160740041,191.230089561928
0.247761468833341,167.478030457937
0.284711869753294,185.272500530729
0.291325632237571,176.2072751965
1.83581013664371,188.629172461141
1.20038937783975,169.698927806358
0.35074326671672,182.707285529835
0.985576160293409,173.871438937243
0.93881596031608,182.380916436495
0.853002124964314,177.857208750123
2.3861374468407,173.190889783166
0.341189589467369,176.937099721061
1.18418545772113,177.294730786536
0.90583425161953,191.40213174008
0,0
0.105845154157571,171.216378479682
0.42693537973215,174.444030999267
0.422679780427856,182.689764577358
0.192929718230542,173.950396801374
0.546226390671768,176.784503759231
0.23797956852154,184.020251995874
2.82788556749414,168.568728788666
0.289519373987255,183.747857819848
2.36265972864077,167.048022690783
0.148692729339404,174.343125020693
0.283642938837522,176.497006332415
0.817994049947318,170.713113328588
0.475742378506485,187.75834140265
1.9509151498758,175.725458492139
0.134989141092298,181.965464485564
0.326445444742754,174.414097341035
0.216212730509481,182.76351454799
5.14570959009979,180.624488801759
0.575134671928165,177.563340995916
1.63107436105993,177.944689070708
4.06195990973087,172.064640180597
0.298130240942928,178.152815386649
2.04235486254959,182.252542962767
3.81724928806444,165.509541660918
0.346160724645751,187.230424559248
0.500686233191327,182.683267085634
0.359336530858967,179.190588732657
0.32953321503468,169.59219509979
0.36148282468219,176.740597793807
0.317903721406647,178.512993978668
1.27379594889736,178.044950692596
0.22672148985639,175.396785110169
4.24379403052743,169.797575060853
0.652753097091589,178.989829422939
0.411644969560569,182.644073312327
2.0368338342224,182.128516326758
0.153649776736915,169.123913402606
0.593877287498907,183.339553812283
0.69621769725402,169.449320831571
1.81335797443748,163.581807140165
0.997676212626825,175.856790370032
0.178234344037902,167.146270535843
2.86945322996817,185.823008951395
0.605907567752389,183.675292712356
0.93269908950852,178.603015298389
0.460366884226569,167.158053571679
0.510058480159587,185.162810958115
3.86088746348863,188.279727775526
0.515369083009459,177.44374052459
0.914612703856723,183.388715069178
0.400977496521046,175.333960527017
0.223623243571661,175.380198023202
0.148157419698319,176.540770694981
0.235108538577618,167.583667873082
0.435674061665284,175.82264264047
0.853733031508015,179.737258264054
0.236173305093185,181.896393254081
0.445074843185319,183.301514129164
0.642732027128144,171.520915478991
0.381827752970556,188.089520291712
0.974187407612657,188.485303326956
0.249978795930576,172.873150556508
0.256017146093344,174.068005753478
0.35085043294582,181.012911535348
0.578979155362572,179.72153947456
0.635509009060884,175.370813311318
0.563824715638409,188.065578212183
0.323276067132625,167.098081012438
0.46396127576013,160.220105752866
3.42633126019705,180.359888456506
0.988251392324907,185.928812552399
0.430473460193771,151.387025216259
0.166870912742999,190.930580208941
1.16093120152902,171.847393785908
0.598203040822167,180.870626572516
0.196989722133318,172.910425213914
1.95792889720959,185.738499343486
0.724365592259539,178.630004994354
0.342006897592133,183.574426720276
1.32330072610989,171.691122431339
0.236440406015872,171.42700492079
1.36184695807359,173.933915999684
0.47891495799924,173.670355135833
0.110966488578957,163.61781813951
0.519818912685347,178.330069440143
0.131718703731124,177.963214693186
0.0989394540491836,161.848595507116
0.570441931620284,179.980449991878
0.486372327791021,172.134599375308
0.853315805391184,194.96155208697
0.429989850224224,171.513797139381
0.766594714736768,177.551125942797
0.64229779184157,179.729885933757
0.343200844234409,173.773036435284
0.314234396429595,183.767819284964
0.553372909735049,175.515253376344
0.480630200791311,163.577030757483
0.26181324251763,177.51603715345
0.499693747761935,167.223430910748
1.16887304619677,174.994127738038
0.353982550153439,173.952528189674
1.57143624287699,176.16445259355
0.368426415655279,182.538446711105
0.206378569560003,164.413050874824
0,0
0.692241145712247,191.24281909419
0.569883441591808,185.711184622865
1.83132703513999,180.302511715339
0.368953124978891,183.565186783699
0.793726157061391,173.340768993003
1.30875028431387,172.184573883882
0.386632231246981,189.716475138673
0.293561606805393,184.422466810068
0.490542531541835,179.717414428145
5.36954105651861,178.530447464461
1.13979734404567,154.182344300214
0.843475776600865,177.376681369683
0.796016116871428,172.985108050259
0.507133557721305,176.380667111616
0.880926689922002,161.243133111236
0.790808079304476,172.81343032048
0.253827447470921,163.204158268536
0.181881909069269,182.807168082562
0.440588659043251,159.551886091709
0.167802330946482,168.701355236419
1.95467589680916,186.423085448741
1.38894772948578,185.822922827674
0.42387396116505,170.546850728894
0.190684283126455,185.803961712238
0.464582728179616,176.391938378853
0.702563463691521,181.223697952967
0.307102992170526,166.061338043274
0.171385959514233,173.050075859449
0.435367482968449,187.726597233781
0.859553408432928,178.3946566284
0.536346330174326,173.885736304421
1.00252789641142,165.621318671641
0.18603982783327,166.368520229592
0.177377516969825,181.575001994583
5.9177875377574,186.43130632576
0.609204233867656,178.686669491062
1.53293685678849,172.307021316886
1.90320354613854,175.64903800367
2.07149810143645,170.088093878384
0.507698558616186,176.930698786947
3.37200818541524,168.48801516836
0.176057280585736,174.462104518085
0.487317478498492,161.126662147838
0.530973528194639,176.098865797045
0.837933851213838,171.51449616708
0.608947923818302,188.906453655123
0.141255735473272,180.917908964128
0.390617840555193,179.919057259897
0.181330328560987,180.893263645562
1.20803639652891,166.385410238449
0.217024565247214,179.254513663295
0.562726633068177,187.04701117127
0.16847082094716,191.121366682287
0.293128503857296,183.525501812665
0.30340740025377,188.206200893356
0.277930893598312,172.688153865658
1.05953102598717,180.379582588111
0.44868214024664,179.579569047824
0.934936198726872,153.51971638864
0.477877738422282,183.679145540657
0.264663603770559,173.762606848794
3.94071234144685,175.718207432258
0.187829124308683,182.707131455837
0.384626266005237,168.964211826218
1.65644704909182,166.876958444056
0.306608613327987,157.376084673849
1.86023412145984,189.236302664555
0.366622081368597,177.442648164052
0.412403741634978,168.23975091158
0.535752548151494,180.558535261524
0.555343010379704,192.349655691349
0.923628460135981,188.63719863429
0.22201185126451,182.727552200722
0.520819850276258,167.39837804138
0.189152166976143,174.853744869913
0.169913805333871,181.31346755545
0.488228166094141,162.819885527732
0.120446022877795,185.271290290847
0.911460230917057,184.401408569791
0.537687609182245,177.055556750936
0.861493936827096,179.159289871044
0.228958606482028,171.021144042023
0.236532515584438,170.416854028822
0.613792583958898,173.460035977946
0.339363681600124,183.730183966452
0.334834387268781,186.114343344384
0.0603967957076175,176.559418273681
0.421567917266411,162.176900902679
0.206750138576175,173.685138705959
2.16501507782394,185.040389417066
0.220928183223725,180.984811680267
0.610122840531394,157.363824056275
0.353351831630152,168.020507646706
0.229078088465005,172.171133365111
0.284149741715492,183.957463974994
1.14922345879551,182.58892995458
0,0
0.44869600200237,162.628197955515
0.349136110677962,179.605593791544
0.326663025972629,172.602474505808
0.577506770401027,172.623193848966
0.374611962797581,180.295468385957
0.279587095031651,193.382685569672
0.505523315306689,170.311940872613
0.576458955744801,188.854674305766
1.70759966908929,185.977398756561
0.454434499505759,180.136861649644
2.78093152228926,176.7271026676
1.35151393939216,176.752827804956
0.307182908504793,171.138080722428
0.397240748925192,171.074022973095
0.123992161317276,172.175951155837
0.300562751827141,169.904480694532
0.354391942542062,176.331828445488
0.297269870269086,182.163006306125
0.254576907470047,170.832569198662
0.179450562469033,177.799671853176
0.813032861975463,180.255025314731
2.49648114091641,170.293860095759
0.677249116631796,165.141742535032
1.33900548623456,169.596092491902
0.522102485019992,183.221703249204
0.631554153901927,169.056851222948
0.233783520090492,179.880660935255
0.183447284892689,181.440546202928
0.902790772454708,183.453433780199
0.704988551431527,169.157560658888
0.569663199638265,178.822770205768
0.122431265365768,172.941075846744
0.831062168211336,178.60328439193
0.351545166568942,185.958588557258
0.249586567190986,177.491240832196
0.413905251669555,162.424222198188
0.412177573776383,171.255291028974
0.668801686586158,180.809736207272
0.320912906616148,178.545865680999
0.558108025330312,174.734462451219
1.5234106339039,172.41925567719
0.37405758188471,161.840725669842
0.128187198781164,165.085962048041
1.33802399373822,169.729802911595
0.629150572808207,166.987023357283
2.48434870599984,179.940368353004
0.465940334654193,192.548244692378
0.513662221059416,187.597332287973
0.398859244680911,188.104837007406
1.37274513145003,178.355612951241
0.15827622441706,179.014515032029
0,0
0.650724037822389,190.237334905241
1.15225077704074,166.197139556851
0.32580527776798,178.170483711143
0.335094707010292,172.779924640667
0.364844626331035,176.887684208006
1.93707798470858,182.151939840612
0.405152444807662,184.203679504026
0.745163883737333,188.919378114067
1.12225141433531,184.888002125023
1.57245355186522,174.02050562597
0.826594081052878,171.067066698842
3.29540027455317,176.807909148503
0.586046974533673,195.481824035894
0.683743889966058,161.283547166524
0.912404933317004,184.724022413045
0.514534998199048,174.711477443092
0.618733844243949,187.732471899664
0.230152355049492,184.146886975988
1.93128642954038,182.043682491483
0.396221212542774,183.565964420732
0.302588467700295,177.384195292761
1.41699941495895,185.14323705586
0.618433357088064,180.287986268982
0.836497015188574,180.83385941281
0.259331885916952,177.48115857111
1.05484416208684,173.255633552809
1.68090522755183,157.009435143224
0.11630807075239,169.118952081567
0.700760988328131,181.579263279684
0.155774269714984,184.630114398419
0.122961211278983,160.674219760631
0.510816298903248,175.960666033814
0.644798868943245,179.666286774825
0.532437397099673,172.39030641779
0.3926611460055,177.766825484025
0.0796333743931309,171.521019840707
0.415622213651746,156.454415105429
1.93512179468098,179.854296076411
0.0759818007508643,172.762856102438
0.562621236171646,181.739838998649
0.223800861878449,164.913113157355
0.305987389348181,174.479110167034
1.82718317383555,178.473491578029
0.532071826299412,184.290588121188
0.085517860158297,177.994510109997
0.417551397153147,170.386608888799
1.23432967718334,181.223957411394
0.438353737378338,177.716150817996
0.36008045415008,177.941923579456
0.336196193859524,184.12502744415
1.38237750892428,180.728149731882
0.721723326281703,172.707763008546
0.542294638236426,165.57935403703
0.116732624568753,178.584357130634
0.463566253573246,178.672036231858
0.0949795201029619,163.373073865748
1.55142133881175,171.016986458435
0.339758124411917,169.26761461685
0.219276271834333,185.512699670716
2.75654597822528,166.512482399934
0.416796441635912,177.118584273729
1.16711905408405,173.011508032556
0.212373353465526,178.989569257448
1.1102272212181,177.120881934673
2.84699584988683,173.990933669342
0.218346087622572,173.943571700669
0.292459496125769,174.70450095857
1.12087294649312,163.718750874869
0.435196191392604,182.331215431748
1.09069043129495,181.993268534338
0.350033665564857,185.295284261196
0,0
0.236111709210582,174.605360819991
0.415009691811936,176.604367938921
0.363894420759659,175.946067887936
0.718602712635846,169.192143531217
0.449742403619283,172.637324978874
0.0903895286063951,181.760583895806
0.430157600058673,181.900568778716
0.71371838392123,179.619095190271
0.764571316552337,183.878577832562
0.225710302537078,179.655798503483
0.157100113084083,171.463695463572
0.0665123843178836,182.249579841871
0.92593249417472,182.734649551625
0.506265748742171,173.163990768182
0.209967804557615,187.217375434104
0.302339564139981,173.152454336572
0.943681905134858,178.188561577213
0.265379451223457,178.753881697566
0.954729558862572,169.777907916831
0.442373389748365,183.651588420273
3.12168002412312,181.753515690344
0.793285036868158,185.027135664682
0.413037277894791,173.418678407739
0.343699897671692,169.762223936683
0.89582041260047,183.669007550892
4.33932027679332,179.336411906163
0.261374123397627,181.019092169339
0.75701857448753,178.218826121456
6.65492209520803,176.388563152186
1.77498722276375,178.030385891578
0.733642734568384,177.699081449868
0.265957942479495,179.001261424938
0.881688024520114,174.27666124964
0.735960072020361,191.892828594827
0.367469314884521,174.537421863218
0.490881271674191,179.588603231051
0.313222842682439,162.125727606526
0.509912011799085,186.66355604084
0.781958897750349,177.906798196256
0.416450352953617,176.408617335548
0.767363715873531,164.137652508732
3.01893011037723,167.20688297238
0.250473957303997,170.103590872657
0.35295277913332,175.437090048771
1.68231135673124,176.479756708788
0.681704000745302,166.021058259117
0.572786831633551,179.579901680256
0.942586946037121,178.735328640684
0.129612687567361,176.866139998396
1.01988808256597,188.130533954333
0.12106214701993,186.381897273353
0.355423404429351,176.476126974972
0.326369343289143,182.215828967281
0.951552618599931,175.329482493849
0.442403382694352,185.611603815858
0.837406320612652,183.382085402796
0.391103671522961,170.211539937677
0.832157227742677,174.291212989516
0.37882599233039,189.769484415736
0.457016486341961,187.932112902801
0.881040833346098,403.693656389571
1.05144847196397,417.324145572092
0.696466527807479,417.294329336014
0.434684020518379,381.793866664797
1.135063930743,417.524898358314
2.1945310468735,418.403406948269
1.2292055263937,422.95399698622
0.822058349854047,412.951521733069
1.69389840814329,395.313797581594
2.74194168287593,392.266748110429
0.306655494501368,419.178275887927
16.8394919928806,427.135809222725
0.75411695126818,404.032737932425
0.491840836124858,424.293474519351
0,0
0,0
0.766188352068673,414.29653425878
0.719158445947519,430.311040935495
0.954294833887691,418.285953352349
1.28051543038107,420.367013878667
0.283631986102682,410.691942300714
0,0
1.63085003666314,424.412948048241
2.3222446957481,393.328482332207
0.695316589532474,402.35021362312
0.617710070632292,408.90794387348
0.390031712113255,415.48751423842
2.24321135676682,407.999665713188
0.660603098962213,411.397949339367
0,0
0.531182787805143,437.400207624311
0.430142286280161,391.849412290387
0.462732619272867,390.990246326595
8.89354824804974,406.645450596506
1.05361609419475,416.759296722664
0.851333395706471,414.904160888202
0.222987279383674,423.963770710371
0.571549389683798,405.48077587172
0.35646778350406,401.321391632404
0,0
0.884389812179326,413.183171978999
1.35385469199967,433.703652875258
0.942520917393828,403.084590245581
0.814752842213476,430.678775760479
4.52816455496681,431.818392874411
0.477490942998477,419.90548674731
0.16451180687736,407.694306130455
0.955130133505928,427.87131358769
0,0
0.370457724909235,413.936465344653
1.61347686965494,403.086052474575
1.03006078979535,399.933338877376
1.33879571111047,404.40488565543
0.301304207112066,402.122720839049
1.02857639732612,419.705160955474
3.98374211368435,401.972562212754
0.217583565350276,421.462020663543
2.25028409414589,428.249000967052
0.616184935421368,396.322467128168
0.542561874417231,407.68061857263
0.93165735115744,419.020063764223
1.41678667410662,408.901135191743
0.45364776830837,393.941304009941
3.20111668451749,433.64141502388
2.25880087643024,418.511554418397
0.427508938707844,417.085240282693
0.251110463624111,425.358338355331
3.3852631921264,421.305749542945
0.625864989760216,439.6500119428
0,0
0.484884504324734,411.88800306425
1.56206233724228,407.828119615664
0,0
1.19972668059822,416.908965793076
0,0
2.38577259037508,417.89731824771
0.394371262102974,411.361720652285
0.696689214665448,406.538936234286
0.652056788938052,404.569894963996
0.549028278282643,415.39346795799
0.629156678256188,415.992597563099
0.356554597975449,425.289070672872
0.960639889323141,394.071653304485
0,0
0.197613198044705,413.10131654368
0.528999617552318,402.223823136099
0.531266182176392,423.340875553362
1.34666057786382,413.288739649936
0,0
0.301924376510131,406.970190817718
0.301709467654672,396.174751321086
1.15484286181802,408.690467773537
1.30983712213539,417.943704480712
0.972829495654539,414.722916816736
1.98743137675735,394.187906317856
0,0
1.50146061973374,400.363565220906
0.54972096293895,411.960459775783
0.567180629247598,393.850425129142
0.145791117825762,420.522944744825
0.796897034625849,408.433401847707
0,0
1.04897936042788,422.946584548579
0.473065923070319,428.23292428902
1.67164747448028,421.055977618387
1.31600794245504,428.482369983316
0.577683589919102,423.439542220214
0.475576126922217,409.082806584445
0.281627077954518,425.676679519181
1.3300301385067,427.25320228392
0.767106109366395,415.359167584859
4.50930939163499,395.770746844997
0,0
2.33194729336743,406.312754445618
0.524175610754171,408.3528248197
0.793945268575325,420.045689395368
1.38910536377123,433.979240176076
0.678569174108826,420.415334190193
0.864038987094217,409.760664044422
1.16896056458062,412.664893562078
0.696038789256126,410.712984902014
0.38587857790245,422.620593522795
0.532294820496344,413.809683157246
0,0
1.05584745615998,412.053934812089
1.96896362453773,442.219905125401
0.995279765432006,404.844844837923
1.36577645247232,410.018525552159
0.619997853249955,399.147254061397
0,0
0.532858369754886,414.713065464305
0.489917793627178,409.231133903423
0.938439387592043,409.296510294375
1.026727137767,416.854962840689
1.07169279620462,398.063774349574
0.364883512388578,407.289251685953
0.254033125302442,418.753240055517
0,0
0.306385115997785,416.581585800144
0.394233423187111,409.953076428117
2.27547086186649,401.635683017569
0.874580006082316,415.167635972083
1.19897582283382,404.878119615734
0.318750402298964,418.859263468959
6.25403011753152,425.527203151481
0,0
1.79731352432369,412.392965863514
0.628099858738854,404.959671379095
0,0
0.633202412503267,422.791981657093
1.99558170327149,414.749000730423
0.767073694779987,416.883540318239
1.42352711510116,419.154113229657
0.451028531729776,414.439064956099
3.30204102714852,420.452313592982
1.12921526384626,424.813669795438
0,0
0.295362828409809,417.107443681868
2.0749083912226,420.253923849985
0.763201505759123,424.255248356284
1.21543258929983,425.782707949086
1.64573940954028,415.159315387653
1.43598647568089,404.63827728895
0.798788755626652,406.520320709044
0.284568188375675,393.321704914152
0.763089722011888,415.998479781293
5.75921619026519,447.169065779726
0.333696863081947,401.692255357119
1.0347298761605,405.407274823177
0.699536477604146,420.779567490493
4.60995809176336,423.708438064185
0.632786872183639,393.54221408401
0.601306357438269,407.766542860717
0.68359352201817,416.477009353202
2.29664824165305,412.41065177092
0.712591925965035,428.764182796647
0.435321305952706,437.805896065064
2.14753317137877,412.041807201152
2.2603676328452,428.042596120848
0.405190883156193,436.109493164912
21.154653474819,420.087130801251
0,0
1.50406782768471,413.680298821337
2.04194724439022,413.233329255482
1.26937984424009,428.971576387766
1.0786372981168,403.77298515696
0.978871057754112,409.867861934345
1.32151538327008,414.029719065048
0,0
0,0
0.690851809227394,404.323135026966
1.460466206383,417.603375139978
0.529169793910271,430.673144694418
0,0
0.87231760156776,395.806578488964
1.05290504339512,416.464843364981
1.30887321105971,429.082187269213
1.66916068886658,421.056027613183
0.454266342307839,425.357306772721
0,0
1.07953036091491,384.090149721406
0.188154814540717,440.611039847315
0.364782113692194,405.49370826041
0.541331118875024,414.675689172538
0.717808805855637,415.540585819218
0.719317340697649,436.526718214186
0.444502729719687,407.103657675248
0.517369989899461,413.112356521186
2.18830153140467,410.844143412996
0.516754920446533,419.329881114374
0.917794756236129,404.618009824401
1.52006000879759,420.143381784434
0.848827639218347,430.212164434884
1.24753072498877,404.319063327558
1.53010621771956,422.884467805713
0.72519329826344,409.942100720936
0,0
0,0
1.05446461220522,402.199798420123
2.54600204237384,426.417504344324
2.06944608058416,408.045893750176
0.76502768208837,419.171460569836
0.492865682965715,409.167935174294
0.537494561489892,418.324884883385
0,0
0.949140048982494,427.238025387977
0.309435315410287,400.640221690285
1.20017798256463,424.769151274664
1.04862921493689,417.903376921851
1.17376514682269,381.544563690584
0,0
0.37998404066693,403.863184114761
2.4629981058078,440.196234291461
1.74882367631997,437.504976594068
0.901925474888131,394.210553114035
0,0
0.685200029821057,409.386759346089
0.48327268772102,424.245820133271
0.247771979402647,418.415617162613
3.51329948304814,419.306893269474
0.703649273111204,418.133254287019
2.15032035143801,418.854464744176
4.86564868728656,420.987866691157
0.773774716625443,410.80234855569
0.566142998083869,402.466610026648
0.791216617846282,406.115547487407
0,0
0.665638784291442,404.851073028768
0.706036192868932,404.718693621486
0.559433875857525,411.418069407391
3.28613002223409,405.157418416691
0.754191362714351,418.204191081114
2.31394974020538,417.11361785016
0.728074954824793,414.030710676297
1.1862637359888,433.398954713833
1.0964091372657,400.042140883549
5.3212956744594,403.118630161721
0.396225204528428,414.310381293385
2.92433705914917,411.260102760391
0.445071386610513,413.387308070779
0.341632304347308,424.502350713848
3.60151036343222,417.179014183522
0.245051979571309,423.446145325313
0.45945340500787,430.361615969836
0,0
1.2105448541265,394.232621489127
1.25205005914546,432.415263770024
0.507861095297853,426.613112408046
0.534371996848738,413.622409107442
0.677540178085684,418.790419630873
0.161861457207285,436.195864130339
0.697410745630787,434.893742026814
0.368448299235612,411.043088688498
2.17223390218569,424.201404754545
11.2406741684234,427.837770383029
0.544512552787833,416.666403246036
0.41457579109838,423.940074449336
0,0
1.11951639390902,407.768533247554
0.176243308356874,414.284972282005
0.241916798709101,389.978244625911
2.00930985132894,410.913001029576
2.39118581005743,415.158819433861
0,0
1.18465612155357,410.317377245166
0.899550151835275,419.721753989714
0,0
1.7796101761629,430.256193500258
0.422104840711578,409.175157536196
0.572692816442981,418.578114021375
0,0
0.286406597549868,414.588948018648
0.414301837944325,426.063704290772
0.408695537547564,414.486394288841
0.382382891313261,410.174866202188
1.43393716336857,395.82352741611
0,0
0,0
1.2297709822278,407.814850747232
0.332504882018554,430.956835220711
2.02279212289897,424.058225943465
0,0
2.84715752412006,419.775096822991
1.01080226044465,405.855233933473
1.74293353043592,402.04523107637
0.497852820518634,430.467692266343
0.271231451693103,424.295924440488
1.9004032692563,418.027356025311
1.75575616201743,419.646202105612
1.99831244711881,419.700392102891
2.60504823237227,427.272244165205
0.687225401355954,403.849376949327
0.698466579447558,402.59431293065
0.224888801185774,415.537490169987
0,0
0,0
1.21416192878652,408.528653459343
1.20626765808444,425.369811797127
8.06881158900719,423.703146663897
0.946361323161753,415.786188920303
0.551555016998761,424.956982862042
0.261257185455331,408.324061565151
14.5569502616475,417.662720419975
1.66018768893213,407.673936701961
0.868609320664955,409.453042061703
0.982274232206121,401.811783738233
0.523352082969152,415.168576370446
0.774317205830088,412.271144534267
0,0
3.58813871236004,418.714312022864
0,0
1.37225885158641,419.226471065277
0.41602085885558,420.520378236959
5.65243070772698,405.389624862752
0,0
1.9964624477532,408.12198004536
0.727850866632655,403.765011923281
1.09356283945186,417.31457740482
0.530781119316276,404.282966925948
0.601323213347376,419.199020570975
0.393617033004735,424.198661179665
0.209790557467877,414.489961070537
1.8157058774919,422.729656418164
0.766769649399239,420.410496948697
0.304526154556036,414.554852939037
3.76508019898231,424.317858662387
0.641196094242009,415.481464712645
1.41015023381251,406.096053453954
0.119302585620841,443.173406963311
2.12185513625577,416.463236022485
0.459338382880198,430.416973000772
0.443092205200185,424.658152752917
0.687077211740851,420.546430992247
0.550783529764857,415.973387674318
1.00298143361896,409.496512037728
0.204439994705181,433.155778032369
0.939986979700507,405.493000829561
0,0
0.359451471390317,408.039667946875
1.07040862271417,428.815350182323
0.8109246772468,420.718901156689
1.38470685400848,405.781696203332
1.40629380724063,390.338665056105
5.50969922593403,414.555401525067
0,0
0.63604622714594,413.544760196191
0.178168072993596,416.701784215277
0.446943362174547,422.181435456664
0.687721777920341,409.812483720558
1.62306578168142,395.565242368367
0,0
1.32200489572496,402.052448386452
0.749023647519364,384.094657763588
0.756617614176557,385.653200010043
0,0
0.774802779227021,410.631157449139
0,0
6.07505819519423,418.754149228354
0.250806959635601,419.536026665605
1.08258526255272,415.14832288929
2.64875048223816,404.025181429384
0.205246357090832,429.160927593288
0,0
0.512424875847249,395.747715720448
0.428290031841206,397.387256146394
0.483907649368075,411.68677830435
0.806759334051262,407.250126771017
0.799842414826485,394.673115387351
1.27549563495326,414.103964074805
3.16122166321138,426.567027083297
0.889605412122044,416.738815163326
0.735986247007739,422.918307617327
0.889155914322751,415.515245337208
0.675299352203885,417.556995211759
1.06782299102987,426.056370624193
2.44351745933133,410.250618863899
0.621925730524573,401.911525101342
0.399170002451401,409.888968928196
0.593366933064652,433.40508117667
0.601811624717067,395.488296182622
0.585728191137252,431.674545586914
3.01797710959165,419.513647374141
0.872569942745303,429.370488933149
4.72477097527631,413.916182114671
0.762440894932281,430.723135213398
1.60987575031818,417.924814549225
1.04998741875704,406.770143449187
0,0
0,0
1.00403869628832,418.955965015805
0.292747446263778,411.399693138978
1.02896235629467,404.127360772376
0.663769791760274,420.463717176164
3.94719355561336,424.726143049024
0.553826708536407,424.56817626732
2.88603112036806,412.41448349385
0.321675685014014,414.388572065016
0.258327148520652,427.476694133866
0,0
1.15754257056401,415.71215961445
4.71850511096583,411.14320650128
1.07223857293132,422.446164847889
1.56080577560205,419.428168223725
0,0
1.83958113472635,410.143161712564
0.683837429161438,413.449242437725
3.69787372073416,411.074007373757
1.62869589335435,431.938299488399
0,0
0.468072587614456,411.164629645881
0.592506378941414,393.11438744133
1.04501397557759,425.28233725424
0.300034215709536,402.178633465597
1.14211817051949,434.540521932391
0.965950384482138,404.948376060409
5.86689585730976,401.228546384507
0,0
0.388852961241025,413.331550037959
0.498668524973207,407.01870878312
0.99830035137959,408.811372964069
1.0808956928779,420.480365231623
1.788619446361,412.066154654261
1.22398038918077,409.89789486833
0,0
0.410249562393857,422.517214701942
0,0
0.378655292669115,410.643893710902
3.1893291454329,421.987653386218
0.270360745420167,417.641232939383
1.61561265666762,411.117872037513
1.78148617270255,417.310827380327
1.6765118710768,410.434495797371
0.950520390147792,424.934571441311
1.27712937329678,433.976220408033
0.707233489737283,424.57072368531
0.594429838642751,436.025261558294
1.22991947707253,414.275109616792
1.91459971217011,398.79107080323
0.884552795752381,418.652004412369
2.35054959811266,420.407606975216
0.306797317793341,434.979453235261
0.329106157967353,415.062952719563
0,0
2.2141063585817,406.53403966491
0.143584328560989,408.491016084229
0.84790012164828,425.851939235451
2.25431423798838,408.013083760448
2.07744064999177,409.034592472568
1.23596430015882,416.128883315872
0.509862082681644,411.419204442356
1.14957176428598,420.397488257809
0.49728946285613,415.110536752949
3.65879129451623,417.694860252142
1.35870870070027,411.228138747022
1.53457117636042,422.544928900847
3.0929373243695,409.430926359444
0.49408925588098,417.167575325316
2.21239128017109,419.059946370372
0.641267575759684,406.43833123517
1.20521312240876,388.705675153425
3.49389152165414,412.405113987388
0.692865843018399,414.533094317244
0,0
2.77643368292096,417.420309670684
0.738021322896171,402.249622017598
1.08597479422158,411.654798855992
1.37357797078578,414.154306296358
0.589937218050327,391.616053242905
0.569518542018255,407.831681773716
3.42211531755621,402.511703635791
0.875063536097854,419.875827196326
0.443426318434392,402.531857395099
0.240607169970697,425.390553533569
1.37601306942806,405.8295902294
1.90704549422456,423.870662245377
1.65507039641102,416.286775897506
0.707357806679589,440.714668238177
0.659085491878508,438.616252543385
0.66007559145431,423.019075110453
1.1620526067171,415.356267614372
0.870217604782107,411.083609809504
0.353255239545927,418.935190040935
0,0
2.03131970677788,425.092015796634
1.35565532253384,428.124655016606
0.639152515656474,407.162863572029
0,0
0.748845441268244,411.684116386088
0.596754427337873,410.421973496612
1.01393946571799,425.210038770229
0.930668503260413,419.375488493789
0,0
1.48026944967567,433.770831510129
1.05292452476981,406.281263310337
1.03734070792122,401.60167590727
1.02956997435961,405.566392368841
0.564245885636823,408.802253040305
0.334397316189924,396.928127804932
0.795975696230924,407.29641046431
1.90586346297171,418.323094666096
0,0
0.430659475823208,424.519978609533
0.528856595734082,412.340772130948
0.557112140061125,414.637579878723
0.910386690378347,399.679810249916
0.873061574126698,420.436366752022
1.09113735107577,402.755850259293
0.979358732377037,449.480755528599
3.1068872574659,404.011328124632
0.252949602764654,421.8512293697
0.674242874758952,426.361875959853
0.440210449719521,407.45512997871
0,0
0.909780141703915,414.356017058186
1.15188892634536,422.106793760295
2.20771354360977,418.123227114937
0.317773692240933,426.961410079547
1.09571412878795,396.474900218135
1.15661118006176,422.294492546002
3.65210234994177,409.188226848821
0.907507868599471,414.134234346097
1.12318075251955,425.98180326599
0,0
1.10964715198374,414.511636653034
0.921786700288227,413.165979917643
0.476923099140929,394.088225036264
1.2723558147852,427.896108269153
3.68407516017861,422.526447591833
0.948342990548441,408.852911237987
0,0
1.38921573897827,415.269854816551
0.598784029149558,415.5608120833
0.353805127992813,427.297608745875
2.42743674401049,400.204270437338
0.688425442587525,425.724244852025
0.372193646268634,410.961983281223
2.21205225425995,417.609743499592
0,0
1.87644288743122,424.72743598544
1.23898999365315,386.751074729331
0.435408011117067,413.069374698201
0.502921071854148,432.313383055397
0.247643140414045,407.534222995808
2.32755460439106,410.388748835153
1.02117531776411,416.73405606635
0.892287790295299,375.319870780892
0.443928355571917,416.878617965574
7.47916565633719,429.683860428772
1.16896594877606,414.727984724936
0.594930384958643,397.384608698675
4.91056921707747,422.834886178145
1.25299801888348,425.265697958131
0.262243225962764,422.173720972877
0.657461672620776,422.519139826333
1.25149132941368,404.147911461889
1.42474643433662,414.476024503247
0.398271948801379,408.931054065722
0.394120739925314,428.539627617066
1.13093977924115,418.276086933441
0.58267516172155,410.325376696511
0.367975973265165,441.73162182046
9.29010395173656,420.860007708433
1.30602699550884,404.666985046161
2.33367521459842,429.048349492607
0.482816131630326,418.60113302402
1.65274185986036,412.918209780468
0.837279011367421,414.214615076462
0.57109715032158,435.108592736636
0,0
0.478205534402019,398.686772471946
0,0
0.381713339174976,429.149648456668
0.713262519836517,405.663319774918
0.831425249862298,436.354515725972
3.10830318283339,409.267399866673
0.284572748010613,389.991020246678
0,0
0.19032070733918,414.054074987405
0,0
0.504048666074676,412.275573301849
0.437746489137233,396.201570474512
0.921578101310843,424.172930341654
1.14655429928038,425.905819134223
0.362898647942852,419.994092630178
0.229686681713325,422.323321404729
1.12326605830754,414.322990266386
0.980671015821945,397.178222653826
0.266818982510066,422.537775823299
0,0
1.10660295542634,425.089434266317
2.76981292043615,405.287302784759
1.41594348975196,410.360921946408
0.447085263198044,412.122556563276
0.435265138004368,420.390953727517
1.18249710306486,432.866112323682
0,0
0,0
1.46087972014735,425.2668773392
0.881943114732575,433.100175167465
2.08392612171793,418.137845486536
0.713122744557686,424.656857673135
0,0
1.97686419934766,426.609575385845
0.679078829407108,413.815203007257
0.954683131175712,418.334852019726
0.255353973944156,421.24838199494
5.47551045370264,416.019693086459
2.15496282649014,394.363465669173
0.461751920564393,412.373067778824
0.512509488782795,418.433620341037
0.509123381752107,414.886939474697
3.4192660410019,408.867020736739
0.529841152154065,421.131312885517
0,0
3.02285353259811,418.622274897653
0.694021747534035,429.508858585212
0.432151433616884,422.661004133088
1.73765952831269,423.252750739322
1.64179795076726,412.936516205418
0.424796476208221,420.060904967433
0,0
1.18924137812479,394.216897430547
2.25602369647653,432.932651060823
1.01557761685757,412.825098980247
0,0
0.674453179170628,393.112335813226
0.199812573226781,420.074389126136
1.00752798249685,443.915515550905
1.44311179407958,418.983501320666
0.320470440909492,404.729059608209
2.34603220570969,412.245767562289
1.38439321613492,414.862025646151
0.696709608415798,401.918940250064
0.513997111868554,429.677479497293
0.585423219164973,402.31602632848
1.0232169848401,427.427068540325
0.900094522173081,419.117166799775
1.69984761433051,419.573983851857
0.458340750277091,412.281170947499
1.72401811643324,414.383359913733
0.710998570411496,423.309980688274
0.518536399385299,430.103224149694
0,0
0,0
0.412042157935086,423.893936202505
0.841307810717181,416.546150652598
1.49517085002218,416.70268163801
0.274505437748792,413.552606598427
0.827638108015643,413.21258165433
1.06517555069945,409.75148008238
0.518689687506754,421.02712033572
0.147955777785637,425.628150570269
0.510091338347218,413.961789738658
0.849263757795533,425.745753848322
6.61344854332676,418.350275649468
0.320095643688548,405.694477879666
0.561240766123076,431.329205169365
0.61556690266802,402.668948534465
1.15609616726149,425.868172719399
0.313535430514498,416.041935428556
2.68812444848334,413.644544832247
0.600300101467582,385.332032696827
0.702354991985386,414.886911319904
1.10645100525363,403.77689896393
0.554292330608187,425.267858887241
3.53921048388106,423.428441043218
0.989047431884021,418.652860631121
0,0
0.783445648698542,419.606281754196
1.14122143004889,417.794796188758
3.81899661440841,398.792725352681
1.97872014805955,393.679013645335
3.1233756829771,417.002027774198
0.275369817811222,388.653323240357
0.623543673791645,422.031371494155
1.247702408069,387.008700457098
0,0
0.403223098227419,415.866352542315
0.820618759440256,423.874760357598
1.70719247334123,402.921700554361
1.38928477716734,435.413951051335
0.610784535768544,394.238230391673
0.580126481340721,395.149486585269
1.09097344488166,398.55744079399
1.13977459361293,400.255372122952
4.14801248637569,396.05324817622
0.944888658554792,415.557802853169
0.557182658252927,414.925618861785
0.3056382689674,422.81607530553
2.48960420744005,407.541462405376
2.05283999754619,421.413805577765
0,0
0,0
0.755967760837908,400.219141657728
0.820256544431982,426.56497745519
0.484362022547659,431.393227846393
0.608035811437821,393.722103474334
0,0
0.755021407920957,420.574958973052
0.747671300277275,411.325536410644
3.16088534562788,412.890979836627
1.17855312302117,411.840310102423
0.982974363477358,409.344727360201
0.577714521290294,423.220818972978
0.807154825337928,422.605947321359
0.454642431902073,412.576315539998
2.56039322659113,423.133171751436
0.760560448826017,425.555742377516
0,0
1.70677049849924,399.631251599556
4.50945203250819,404.41552688057
1.6279212615897,400.968230136233
0.485266724371586,412.964276270497
0.411209600214075,410.644920826645
0,0
3.14130816064995,411.761942698041
1.22227427176507,406.847430469631
0,0
0.229193723511495,408.61168137809
1.63260125731544,413.77308730839
0.387311870451739,393.480227394554
0.808800679647779,422.452136514753
0.339382642951285,435.962191882901
0.686654088067961,414.283232914213
0.466570264197523,412.579115278335
14.8900225320145,407.771264412996
2.33951745300103,407.651756054657
0,0
1.81165359420602,405.483912874054
1.99582548841338,420.259319920868
1.32897573698406,408.420912956208
2.11928183695208,399.996014100346
0.381739305678888,425.408975455875
0.934449511949298,418.714392790273
0.543918134030896,400.319572345575
1.17543289171035,426.68610282049
0,0
0.687568887350939,432.750109914725
0.436710307206103,418.498275018414
1.37833645128049,405.012123418909
0,0
1.17153618920895,414.705894944201
1.43749991003148,426.637382386365
0.487156328701914,396.166468688636
0,0
0,0
0.484210315379629,433.668943487224
2.52413672576238,428.879107695444
0.788918955138243,428.665611527481
12.0577537553716,425.347586002553
1.1428532058348,412.510830869117
1.09436716896629,414.852699900571
0.737002965959976,408.445856113529
0.711333271549451,419.912407720031
1.23887909813826,410.228701038387
0.303737226459612,433.51736512814
1.49577922997923,424.804969170542
1.18911644501397,425.698487166742
0,0
1.42980685956785,405.471370352106
7.32900071309604,419.404407341037
4.16733992443564,402.209815012086
0.599629265894739,431.851085941265
0.693156869760336,409.537616220878
1.54145935039797,427.668029816351
2.11536039458453,420.811975009064
3.68493798838744,410.274753290365
0.783498550027859,408.378087212028
0,0
0.91244581455121,413.58254293126
13.7626934454697,419.608963810034
0.428454883651581,430.856899268657
0.654665476870985,396.940564605743
0,0
0,0
0.557871036899655,428.48290218217
0,0
1.42785640592618,400.9454109683
3.1752363337625,427.390609114967
4.82728268328307,407.545477925399
0,0
1.8789691709895,407.505857127681
4.06451714254121,440.883135203134
0.53728423299091,416.365432408978
1.29677525980466,442.96748039471
5.90090934519597,405.103624734913
2.09167994380108,419.814306177234
0,0
2.00764579687612,410.598727944879
2.30785876407721,414.636050612856
0,0
1.48193397813685,431.06174060958
1.80930320167836,435.614021614998
3.56260892571802,409.709207360354
0.868287262498166,444.209801282784
1.54684991715833,406.779614393473
3.95864065811261,400.837891467348
0,0
1.49872566037171,412.26771102674
0.375404860999181,430.208275925036
0,0
0,0
0.544568487805936,421.381329333992
0.610619207873981,433.843940152134
0.636257045673119,428.020303958842
7.13948069321971,429.236319099087
1.24567028728072,434.460753850925
1.78702818882322,420.868904560523
2.96161085398331,427.327650455578
0.618374464873858,420.739493316004
0,0
0.287788457194099,423.176839626106
0.453751951864682,431.350300152971
0.525470083518454,432.78885388822
0.261757231196155,430.375532843601
0.772890743668796,405.209485907932
0.406544670589184,416.704834436947
0,0
0.408840698395924,428.592563817933
2.16360244805123,421.115831821325
2.44713005345972,420.115770804823
0.439345819035076,421.038935275122
0.941099581197525,414.726791591376
1.56197959061025,435.798423326607
4.76947878447982,407.773447497774
0.802125894516598,429.856580291721
1.28170652226147,406.360164767633
0.614480313756018,412.38790114036
0.304560033069572,411.689112236547
1.8378629421394,418.048261916662
0.775118903535992,431.357002743644
0,0
0.6565193488328,426.07747704599
0.665626422609721,399.874394016382
0.726135749053859,431.491858104361
0.827155367656857,421.701368581878
0.998719472856442,407.149761296963
0.336777503140387,421.267222782417
0.381165873629991,414.614283820299
0.913193562866611,406.593785319715
0.757224696257777,421.593678298514
0.843650687554948,413.609571116122
0,0
0.605523128297192,427.850260492552
1.11952793949725,403.854597731856
0.604822686025193,423.012657733856
0.468006579313759,424.020249444302
0,0
0.382467867890019,408.67412614541
3.84052688363163,419.342332613901
6.56583613365488,421.331801751802
0.461875625552648,433.98244868539
0,0
0.756578204294284,420.72041958327
3.0288837215887,427.366439163638
3.7541961169225,408.544287237475
0,0
0.576909675832971,414.697213525609
1.00049387860673,396.52078720832
7.99939896679,431.642102602307
0.586590996591307,407.778638292333
1.05518841821323,419.9816476557
3.29554259386653,406.418727869314
1.49405755514533,418.525386728186
0.402685423495667,418.534274965757
0.462254343383054,420.755837138529
0,0
0.5913363016471,427.916950490611
0.623914725438058,407.177445241733
2.46818701990226,404.962473993798
0,0
0.568866775986076,397.462650220703
0,0
0,0
7.69462396125792,419.154438592362
2.49252514053246,408.342385061893
0.362007604725435,400.238591699613
2.55533297181275,412.678522496258
0.746483103227294,395.552527285653
1.9944563570072,409.085509242472
1.53085834904887,402.570601975153
0,0
0.860371811914164,427.989194653473
0.448341459991027,420.276374903626
0.669730442834263,410.505019048884
1.17786801136161,400.363751355311
1.05722275633309,432.360671846835
0.560714727432397,419.670856774093
1.18157380943457,418.678534237533
3.70570157922144,418.042783567656
1.22014950285114,407.17253926783
0.311633187320651,404.0254268205
1.382109745175,416.71605934484
0.746495910370674,417.879101133824
2.3310392429752,399.894157527798
0.834667817817265,384.597075913863
1.12651482022803,412.70737569547
0.947310862083935,426.39046982337
0.536390816749414,433.555287253391
1.46881773659461,419.492797835596
0.682433865448959,407.80976126679
0.379157009038063,395.074851708603
1.24167606686666,404.741255459869
0.731015349231905,392.192768873219
2.87372550569315,413.095034536256
0.577201191821946,433.906989159779
3.77746248405615,413.858975809069
1.48910714609771,397.410057670798
0,0
1.52276334702641,429.729173634939
2.4534159322285,420.829710898324
0.573469490300577,405.952298953513
0.369781745447857,434.583166513132
1.92534456062028,423.506617304832
1.1466352493482,400.608455302616
0.74077458440679,417.964940888467
0.711058035671416,406.959114920562
0.495277745963391,405.890912827156
0.263536584676985,398.479819493053
2.89825879360833,392.740454787442
0.627658234070542,420.70087043906
1.09259172473017,425.133604026278
1.58886039214719,418.188207642851
0.405798220858397,422.465869936529
0,0
1.29946833120309,411.982195571235
0.512750597003486,403.600974442269
0.54631334249282,415.22069148473
1.22523712285821,422.955633921967
0.729392946890156,427.603454735988
1.60136078253732,422.557987151276
0.76103823222689,417.70516335759
0,0
0,0
0,0
0.101161919908716,404.758018673458
0.405542970268081,417.253311757221
1.0277385901137,433.237202625075
10.2044315755862,402.944121285773
0.298952495703886,411.102735013798
0.367963015426383,433.536171991575
0,0
2.04096251128527,414.197209358133
1.36652690278576,421.601334488511
0,0
0.768754284441947,433.572402958763
1.00749398298465,427.097239994645
15.6218946428546,408.983341646618
1.35315864187178,413.396413768919
1.43244044567812,407.482446794741
0.519862242288011,408.139698931392
5.60058807070132,434.678569272526
0,0
0,0
1.06773084302818,406.94357577388
0.654037309013705,421.019050296789
0.94141496257467,434.722837324816
2.75482397395903,415.246485055298
0.981541230602068,421.440108404748
2.63630650564809,421.535083184173
0.956049502880427,415.306303476936
0.317803480978421,422.956117795392
0.256910468444691,409.918846515083
1.12987412005013,418.319210437041
0,0
0.745698241747354,407.158306618467
0.805174270735438,419.002718185653
0.74138808983342,397.75324808225
0.403308189937961,404.949133576588
0.188380477943889,393.541042360167
1.02573078342704,423.203940592456
0,0
0,0
0.802868339141008,405.068614714843
1.42963536856555,402.592108948106
0.898846574175036,437.111828018762
0.40479898395469,398.823130522114
0.564353838835721,415.533889698937
1.48813333374698,832.984925628981
1.17171087635837,802.38435198114
3.90439088463433,844.529557358607
1.22460096899965,847.958529839408
1.11961707063593,799.842467282184
0.414186360758964,836.63455714947
0,0
8.84763991617707,831.853101734477
1.41716660674552,827.789449380541
0.991372021593678,854.195875819198
1.55993197552297,833.875785508747
1.63606294119918,840.920103554706
1.54286732407088,815.231841158787
0,0
1.07005546263513,821.317712537301
0,0
0.91176060843481,808.865760543621
3.98866894318689,820.623682050811
0.882234017161031,854.099804781887
0.35117095205595,812.856747173556
0.266587867088256,837.734542636181
1.15283568327104,849.603443846038
2.53283321646742,860.333889663463
1.56002110042489,844.322709248821
0.222698221928247,835.986795656218
0.580044202121224,830.179729114296
1.28296448475214,852.524465647726
0,0
18.9131717171439,852.930208800563
2.34744461259621,825.971399838201
1.84052593941219,825.126035650352
0,0
0.262763500002671,866.135348605469
1.49903409518308,846.035625084922
0,0
1.47212656907124,835.351555405543
2.5011547158627,838.076890667344
1.08915907104989,844.702384039625
1.82101725583902,829.946897944913
0.376180409093174,850.06719201354
1.46659190793519,841.365116426573
0.982035128983417,848.942815948928
0,0
2.45068146910527,843.973585112174
0.364092993515271,866.845080515303
3.40657477526955,835.820225292305
0.869687768255366,816.193927177471
0.682945754912813,846.120743015924
0.358402932635591,830.433597958625
1.40808874071097,846.49501219368
0.570441245624473,846.069509068527
1.269582516891,845.956949505876
0.712565932435803,847.711409191561
0.609446876053129,878.464493454668
0.777484713097302,848.288754901663
4.61145297486093,821.838597541087
0.314568639079367,846.460323093268
1.11482760627608,851.344058933949
2.75918929494082,846.333912802007
1.4371009979532,852.005753675779
0.857093539937954,832.551740789362
0.990538335688322,840.64655271113
0.53838470606815,846.71773967624
1.30441741168268,831.336210783042
1.25378123251276,829.385129322999
0.906858808048322,854.559000174
1.20757721448344,849.401512507243
0.805581540106656,828.506946253376
1.72423989911808,852.745098329888
0.347920367909726,848.438794963954
0,0
4.25760359108726,858.989816200739
1.43167786309169,852.202295689479
1.5021527546066,875.694024559171
0.444284929863964,849.343315714501
1.39091102808124,856.010177920934
6.9306114660347,834.342575343619
1.30320742334592,848.62441240369
1.40847566107986,841.081558035094
0,0
1.19965076759098,818.449827292499
3.76160241058981,818.279764705904
0.52598426568623,874.43548873918
1.43909760554603,819.704639758416
5.99796993164893,847.329330626523
1.89124346265838,822.326550239809
6.46817933036542,818.553686064768
0.843058452057796,874.098752995062
2.34764895369951,862.555066842891
8.7090220110158,854.789006821526
0.87598541788392,847.644824804443
2.50035542244456,849.345394733239
0.445411877847172,826.264009456554
0.662682846608711,856.380863927113
1.50459916005701,825.61113421457
1.58474613614988,857.974161110606
2.31568564102325,829.352262187091
0.581382220273801,870.9279517866
0.658473653805791,839.929648176829
2.08326050798265,839.07528486995
1.46925596907324,854.341364011158
4.54493856474798,830.573022364283
1.11720485951629,866.615794012453
1.04964227656228,846.216206325915
0.69346599769872,814.427961630569
1.59740686306103,874.88208621977
1.41070339357832,842.324264977606
2.20386590652858,828.096293767008
0,0
1.87234192935056,862.618245584189
1.58792767215233,838.81747652128
0,0
0.926796479365563,843.335571845249
1.14454685783601,853.055175512602
0.608950364180545,822.947347719156
0,0
2.34309198074525,859.871104298879
1.20127191060757,854.2231837653
0.295974293703804,864.194893321666
7.77726129707235,825.309363609466
0.709370641150367,836.611581403626
3.36493499930261,839.12233755308
0.604104143449467,829.546780709207
2.3498264463326,823.382625757361
1.5968646257482,849.849990628317
1.0763687199983,820.95382872021
1.39285325690739,828.920614130829
0,0
1.21130189316918,839.399336856168
0,0
1.99678603092636,834.838556893475
0,0
0.822499831751082,821.52440088979
0,0
0.750363349784762,851.4722568863
4.22249423156608,865.274216583793
0.689192943762526,853.544008592312
0.481848749600733,831.980536370753
0,0
2.472512617913,826.900980010718
0.54898014869892,825.038206693927
0.779692010583315,859.789166365741
1.56701315663175,838.614298662131
0.703855723450105,854.331507070576
2.88676545807071,857.889969025262
1.74585077049221,844.555160800129
1.23008857110654,840.703976763538
0.770412953089109,821.581559988878
0.903753607639406,860.684332548406
0.644166283172802,858.589837534928
0.352254540290408,855.023119639406
4.15057389236003,840.778577683281
0,0
0,0
0,0
0.679503737875187,851.117661415664
0.724938851764639,841.668865579931
0.560480735353572,826.157374895455
1.16617184379657,875.764074042116
1.68739914494546,853.628503775452
6.02708806803516,849.761488513384
0,0
4.49381563983776,840.042774595802
2.37849994848246,854.968171505189
14.4515774254456,830.210614118304
1.89412399431787,840.350194875981
6.50970171361389,828.90035106918
3.45947998368135,842.209537798826
0,0
0.670112632040729,871.110645909681
0.515575655484492,825.49255752774
2.03950877739835,839.317332166968
0,0
0,0
1.31741557311371,856.707662555503
0.587468068209928,832.70444625579
2.02721897250444,847.292402638855
2.88925252185342,838.708516077007
1.35339717952692,822.205963080053
0.745805951502939,852.495299009738
0,0
0,0
0.389112001910244,845.254508406408
0,0
0.619458660787886,831.489944623119
1.15904057311086,841.151425862384
0.826554888632561,842.437596771768
0.666433002129351,834.575289082256
0.680502164701043,856.258297556296
0.475187876392837,815.430570946613
0.397763612430125,850.958137561761
1.0321839242058,836.746520861504
0.924949715912305,841.144694913412
0.39071760357529,849.686342010127
5.00976738332148,880.500133512798
0.441612796399869,849.035177196124
0.922817173938904,845.581937658432
0.429312942670088,833.342937734954
1.17827999053195,855.590030344943
1.09060924539488,849.911163758333
1.0781003463014,873.016607527281
0.877315700311549,868.760499805854
0.537088509953566,822.108237067622
1.56075556607839,856.857132005287
0.9486927314275,868.794091612273
1.58033597253049,854.91633134396
0.415573361761772,848.256119780558
1.15070346218765,855.652740172223
1.35835404680614,853.829976221982
0,0
4.14108220038804,843.272772715095
3.9053637339384,841.712707575104
1.76603178297491,842.830036887416
0.794071401782555,872.333463417399
2.85123168476021,837.345201326658
0,0
0.508151790318477,825.241378070462
0,0
0,0
3.02290915699693,839.066773181296
0,0
0.849745597204642,839.91752465927
2.38144175780058,828.516988220865
1.42043782285244,843.670839403548
2.26901497208687,844.623403335173
0.888653689755964,860.929368119567
0.952164762258558,854.021620179678
0.870161942459698,847.226411864773
0.67603776871825,843.20719968372
4.87678099950147,839.476476245724
5.00033453281374,857.081414732488
2.32141962791558,847.306344988778
0,0
0.77750863203659,858.249115668629
0,0
2.19068632596515,828.995868336226
0.309143855411986,833.805691141104
3.59241431404791,854.147041838879
0.549097017560194,810.566740537496
12.0918721288907,825.029305756203
0,0
1.0636979114938,855.901969519571
4.58871944449804,842.912841760648
1.41393091414267,829.156880012661
0.473158480968819,860.307439206604
0.422192997760934,852.549970087505
0,0
0.457713124626844,868.828290130391
1.14225556432944,843.889026351234
0.797630246539581,850.664301256729
1.25038460621287,847.906593439331
7.27692334078241,807.252865237996
6.14952754290195,860.667477162828
1.24456676851719,836.388376372222
0.495133564618411,816.444945307807
0.495055446218817,844.019191594087
2.88475178721198,827.012250199824
0.605620713487176,824.242444301868
0,0
0.766213626196329,849.966817348964
1.07860954745028,818.813989325356
0,0
2.86486333560526,882.636641938286
1.03331771303026,843.28903829755
0.595604211593143,855.203923230117
0.703154060364903,851.164069073396
0,0
0.960227034956175,833.504670790777
1.76096498969188,842.614057779311
1.98053927555052,850.770980957891
0.776422467366575,822.461252417379
1.69958540197563,837.851216837029
0.719843312110172,855.08546137779
1.51864290506979,837.165663337587
0,0
0.229757642385236,832.175447878688
0,0
0.7623986719483,840.833468323178
3.28746423573663,837.816806487505
0.518234692900875,836.658916050631
26.567034051716,843.054967364773
4.3678498333424,853.349603364038
2.46799017772176,846.594612796246
1.91748888295825,821.581098832521
1.27234983204696,863.762924168804
0.324869105703255,820.879399206961
0.154387662793725,837.771843071001
0.927130442581204,872.68893315667
1.20296632216503,849.012350771221
9.65854691669089,824.372039347292
0,0
0.639241257294255,834.56002803504
0.567177291745458,837.942134966089
1.16488489400498,834.79169863635
0.570859118277253,848.139045086661
2.6915732520539,865.201797759607
0.317501408370024,815.32967076845
1.350381067646,853.550598858267
0,0
0.252764195203069,833.58808431196
1.17638902103823,843.459301772822
4.08174473469125,839.511511169469
2.49318449093439,846.748828939557
4.58584410519057,831.781835878294
1.51346901032109,838.868798603212
0.723507988119251,839.711648088227
0,0
0.693154235594794,859.796505530174
11.0446883505803,844.571897113636
0.582422236778179,862.253248262232
0.444285482099446,814.668488648009
1.32528953333741,834.160792955861
0.736638059885232,825.157113978191
1.23543511104631,854.47880357094
0.814286386957162,871.348947259119
0.720362641994228,873.695487059029
1.20155285535103,840.907383388588
0.680674069046779,867.130246163592
0.553669485874841,847.57476725634
1.73589212423856,860.511932584897
0.987694216760074,841.186127374033
0.61472572851415,816.336946142573
0.363379435583685,888.501939702224
0,0
1.24133409124322,818.973517036616
1.39670462304988,856.711615857268
5.1076298207202,850.327859335283
0.346947318617155,842.02906629773
2.1226463589955,851.423981639779
2.04007134843153,855.61531879087
1.47124123935059,847.880989940061
1.30556962163446,830.478350830895
1.31810676459055,841.677954158528
1.21627984095544,859.286647391136
1.24841789723779,868.15407744781
1.26961863342587,861.893831319393
8.41267351110254,861.803780682808
1.62598219255654,853.481696746661
3.79203229015138,840.631654688792
0.780621280434668,813.311092441851
1.15219676545476,867.520792063048
0,0
2.33011356347006,844.906988679413
0,0
0,0
2.79096941093452,865.689960434364
1.28320906066766,850.458617479127
1.07567461617091,843.922936762456
0,0
1.62892328772712,829.75069548146
17.0190079317068,848.831906412475
2.10896844541033,854.68822240178
0.844471601264347,827.689240236534
2.72592777128741,831.022622921699
4.51139322142768,852.725093561891
1.03264908991234,866.524089883774
1.02020533645821,840.916991358505
1.14070088199673,854.222198969365
1.04088024403023,837.127602426013
0.87532014861355,853.907683162374
1.39349606413855,845.432423674842
4.23852017556863,863.041124123318
1.3266308013783,830.578168289779
2.4253872736896,824.341625102839
0.40438906359899,842.176894187552
0,0
4.31626999927898,862.321506739294
0.895771514313256,834.589925975179
1.56928277842781,794.327464611641
0.851887089815315,851.477856329237
3.22877150223341,841.568916034186
1.41029277954775,828.679876324789
0.549793412110364,830.234788988218
0.717359482554169,837.948203291133
0.748236062758757,846.656761746112
2.05649359912239,831.795992082224
1.36248711831525,844.570905434233
0.525591812618975,847.379274420222
2.94685651428778,866.533000116748
3.45280783302126,841.549589193945
1.03425870966996,844.542558319
0,0
3.81690754587047,857.736173298806
1.27208195234626,830.508010052581
0.675533353703631,842.688089441883
0.573001873035579,860.48157698876
1.72114143053647,868.056537294297
0.810525359243052,840.770619679019
7.22026171672254,837.113961614094
1.01621393553741,863.546747634189
0.805485684787567,823.831340085184
0.675275007681853,829.89665197123
1.1469932368422,848.907089573339
9.41598631634813,837.199506361387
0.348754939993627,824.715510455198
0,0
0.778698289849355,848.121562765438
1.11301137603184,842.341788811061
1.05970554940518,827.368080666375
0.820940514154494,861.444869579763
0.936403739218978,839.501017871551
1.21783915914924,837.413062081644
1.47822797683126,830.630602086655
0.259065514017998,859.117612191728
0,0
0,0
0.558706342449666,845.22017677673
0.662968027776461,851.442340461202
1.94144085907077,896.400967277212
0.300959825278663,886.77452564842
2.19909790473844,856.325469338708
0.601666978091594,854.992849217329
2.45484676893106,843.405552740066
0.570223619027137,859.184377292994
0.534687465761934,876.118799664011
0.503907806536118,807.704024875387
0.982341585715056,840.992503676101
3.1219363407277,850.933934590924
4.95649963820468,827.433151843983
3.35938670243316,857.682386609166
0.795826758195644,857.786525152921
1.15873865743213,826.046041571196
0.485456073682667,856.339629336219
4.42315584028085,851.764865282002
0,0
1.74494510635462,834.238187911389
0,0
0.270900867121845,848.408546457008
1.1348963172445,845.152169750876
3.98722294105722,829.95425349042
1.00084894145443,818.659719822652
2.16144180784265,831.721895843325
1.05829638042975,879.466977899873
0,0
1.50276116957998,845.377506667529
0,0
0,0
3.60035563037061,859.741854717313
1.5612524301357,843.808795669741
0.4296897722735,847.101034897811
2.985983385039,838.913130237686
0.980798732093447,842.212887842514
2.26230233406554,844.983217613489
2.61220540323461,856.493076086512
3.74911844733235,848.882160424999
0.641818887529949,808.604384400081
2.38137581292641,836.091421551847
0.325134058500344,845.020942685286
4.18867748294309,839.582139943704
0.641134914998742,837.263182744972
3.42291517742748,852.510476180435
2.38488919432881,854.989540485681
1.70840805792152,832.540364467737
0.810635409433996,861.947379217159
5.24006152129898,815.420824438721
1.03433186572746,863.005316398615
0.524055230231187,830.77319741297
0,0
0.952688880776653,806.98241037762
4.62469078078745,870.17040114652
1.1126080200247,816.840372472123
1.28998216221175,854.809950914642
0,0
2.85444090442405,848.399718491933
1.33322499254208,852.852828453563
3.48269427771793,843.31463147513
1.00405451474487,839.087120593763
0,0
0.499419920697131,873.110869694283
1.60188898578781,846.012410243745
0.609097102951495,848.685719195025
0,0
0.956562301289295,864.506890511321
0,0
0.40930562860613,868.24888968267
0.886691718733893,837.621188589554
3.49149443801865,833.517916943738
0.552185668289693,882.440028141141
1.16162126625514,849.242204667396
4.28899808850504,839.745531512785
2.59050824540682,850.322425867368
2.96435046238382,840.325274828305
1.13652544732981,852.73288601003
2.25089313048669,846.319611530404
0.473710981142583,850.073510337444
1.41552759757912,848.958083559152
1.25349043281067,851.145498941296
1.04028961381024,862.693318997545
0.657740119390334,848.910893595283
0.909417012769676,836.174077628395
1.19950048747868,826.976739008462
0.668764755615048,841.001748434201
0,0
1.69011792696295,834.988607374212
1.00967124887802,820.332849550269
0.7803335223315,832.996072624298
0.542594301746055,860.103865576174
1.17646700903727,845.643158512965
1.04026293452885,856.715368593811
2.36664460915965,835.082899785674
1.30866892093899,841.035836406824
1.17642708714211,826.57402244418
0.802080719361573,860.49308138736
0.886728201138951,853.41544779157
0,0
2.54999050688292,802.711710154915
2.30825262555532,848.456084203726
3.12956293662347,841.555934550599
0.440399013136179,852.720124080315
0.89442353307727,865.135435265928
1.48770686652326,867.082728984143
0.776540579755538,817.811106856472
0,0
1.0002449142141,847.442147183486
2.14832395929113,854.069241657795
0.521020657920445,823.031902413997
1.29744441437363,866.21116469025
1.46785075254892,894.083288582058
0.567760831820222,849.128309513434
2.24861078359679,857.831918451782
0.766888944513302,847.360295187576
0.95956692919736,838.413573257636
0,0
1.48701749025819,853.457625726271
2.27178851209393,844.705103889921
1.26604368523506,858.670232062486
0,0
0.241858763335628,863.535112333625
2.10723553870797,842.767842318931
1.7753420284585,866.380524097701
2.12310136695198,868.626095856663
2.24746128309482,821.855751088533
1.03217369545234,839.059903237343
6.38072164716879,829.426759314603
0.557517877269224,817.718106007741
0.967465842961406,857.937080305103
0.762040342847782,846.10588876842
2.60810661880621,862.368383602728
1.24413878589437,836.655599551656
0.235804833657834,848.481161932859
1.7565339469713,843.214675182945
0.562646894028994,847.009066187279
1.23672624194164,810.001368057094
0,0
0.49072763783093,837.088240556377
1.57355014736044,854.499913496897
3.10995463371579,786.86656548763
0.899109953110619,820.898847297649
2.18598611927533,868.71289506144
1.36804642588137,861.010474112294
2.96026567824205,858.703140968607
0.839599729764912,848.459359828626
0.872799458709583,838.40193580176
1.99319707291795,850.041161085891
2.81470215178508,823.198922183164
0,0
1.37146759218298,838.287056147445
0.582125658528923,830.095372612981
0,0
0.929080737817671,854.857613449189
3.43100299076629,862.52462865986
1.44282419468573,851.149495031117
2.1737495283702,850.870725345705
0.926421394033026,849.654281362317
1.63882024865182,861.647512694001
3.63771523905661,858.875838696236
1.17257500135566,861.722747447237
1.05491334173199,864.010144868704
4.20888718911973,849.800868008738
3.2468335567353,860.372337219517
1.71057891640336,846.087355713
1.46632598249953,859.154279830923
1.37301030870283,827.34663093039
1.51104190823459,854.730371531558
0.735576742004896,862.648899974458
1.04073320949391,856.851460600076
0.91333285475489,852.242760366309
0.693606120036478,866.544220628693
1.081290076495,840.173747422897
2.45220122516454,834.50970771727
2.67717497616861,871.117440209053
2.3521972434135,838.223235167467
0.523638717235616,827.323285583792
0.590727708770151,851.727706331954
0.845499835005837,857.856951859627
2.40532616469053,817.814858299165
3.15350384568004,840.378157793247
0,0
1.94986119445856,833.051263666919
0.679743970645222,846.807590628794
1.31196435837833,835.422305174075
0.959814799509836,839.88015282361
1.16440293023635,839.630062208307
0.954395013170817,853.494940578423
8.95900101568686,856.757637865348
0.69424568678686,822.858095793283
2.11211035191147,836.612592155528
1.99970759580346,847.821644988955
0.787340868075949,843.02921697219
0.550284816278035,843.982475782389
0.713288553246293,831.173950328149
0.862031246626882,843.194518123898
0,0
2.22874126182079,848.7693069201
1.31560822670181,842.55531651238
0.883600317631202,857.69288559266
1.37579039377231,837.999914888176
0.892069970484493,848.533223503634
5.37085643667307,872.33583960912
0.813716661594365,852.612897922108
1.30989150033501,849.380790356498
0,0
1.38564708644869,834.42998053724
0.651668970015634,839.74945459194
14.7588947537704,886.391193949996
0.516917756155295,872.477928854946
0.632569272261488,829.718245889486
0.282820122596212,807.783584975907
0.424390832673847,855.364461644625
2.14057459244702,876.473087957129
1.33672805486222,850.734253665455
1.79738499973606,880.521918792219
0,0
1.26319514248128,846.046965973142
0.875785927450734,837.005973053484
0,0
0,0
0.878464195344057,831.843581323455
0.281040313360496,835.235965074034
2.20075799990218,848.369742184665
1.9073406657452,822.150165693243
0.426236795908827,857.655905919878
0.579752678516053,858.498536046339
0.465255768828815,853.822605885567
0.331132572390349,838.531264703958
1.65075339093239,797.80120519182
0.878692607220749,835.000582613675
0.577547056145943,845.665357023367
0.307513032571333,847.204323201966
3.40682682068159,823.380006994419
0.427493127007337,820.785465377378
1.18853074509403,814.324107445133
2.05013206503559,864.109707188483
0.852002258076417,835.998373710956
0.591869536901507,822.063872200624
0.93500250840015,865.037250362242
0.894597586433043,851.993648957184
4.35679624699424,825.669775746127
0.268254111340884,849.576757977725
0.73004728929204,838.725225337086
1.92347531020611,830.042151999178
2.64506052604511,845.23969231982
0.588966660880278,818.577107032158
0.983084762543672,839.70790177048
0,0
0,0
27.9600352623668,874.641103464883
0,0
1.46774024672886,827.831637238681
1.03132715321397,861.802848757717
0.292855710364452,841.568400104982
0.785974340755186,840.362267976187
0.898971675790072,878.692995857144
5.08634278473816,896.73153733838
1.68141580810938,838.851170110072
1.59785002335352,835.345855679598
2.31449651915428,869.938529468149
1.06744524779383,848.507361866979
0.826056579402015,838.820899309558
1.17373962670959,839.453080445778
2.80672330931583,841.784401378725
1.87351853532679,848.720621271188
0,0
1.32401758272829,853.704802722302
1.09512377170208,839.227527047338
0.867245965183067,858.34937921653
0.451764722270119,814.706573932617
0.49804323656995,823.020164579191
2.04106638139994,858.596063554058
0.806288326973986,826.682566036086
2.33134396645738,832.689933170325
4.98330636756278,867.414736620308
0.7454868115465,826.346858238784
0.979922241793734,827.476014456088
0.440229928524784,819.821899769233
1.02591719918884,850.512169650399
2.87461434634443,857.200104437073
1.34385659984995,837.871103843893
1.44678488089038,851.445779757952
1.64694814745251,871.963648184526
1.11203007802845,851.043076990119
0.912624870497924,826.374981917172
1.66791915924829,874.470615741115
0.336409603080747,826.728003699806
0.416328906096196,841.345477096548
1.01176261534412,834.058137116176
2.0993508732944,842.4923915327
1.59628154277696,850.941373971973
0,0
1.76782276158378,838.052669672252
1.79559059451425,851.023442841512
1.03363427725658,843.330985790348
0.364215476222014,860.577458863881
0.271894352086658,845.211100975341
1.30967195596834,835.388778110083
1.46907063825817,864.117864386477
1.28387789449574,865.198857246216
1.47412555777006,831.165563676304
1.69450594257346,853.365662434258
0.584992499031658,835.964756114333
0.414072815075402,832.793354297768
1.63898773034924,833.869364193524
2.18972702904358,814.77011303502
1.21451245431341,854.10455940032
0.938016947499029,856.193550522174
2.98182673950401,855.877301727812
1.69863259102833,863.699288723351
2.71442982280763,827.661401055837
1.2825399882873,854.941420288539
0.360628245517778,871.550456696571
0,0
1.90578238001344,859.339756522135
0,0
0.804568034139957,832.928477330939
2.41188986210361,834.895829660541
1.16009884433349,848.740212361494
1.79899703754243,863.443236329398
0.474226686162498,863.621223947941
10.5431012240622,880.034738860222
5.10295623081667,875.211382331258
2.03966782848905,873.10094513874
1.52809525308476,858.300071763957
0.366858124926409,840.428201018759
0.679775805350576,811.314565622452
0.7680986690076,817.444539297648
0.515628668954004,867.507030569613
0.8734681471156,853.026937056097
2.48368333711831,831.101541871275
3.31435319477978,830.550088299298
1.33760499180526,829.463478819296
4.4303750186113,821.483036423282
1.04291930151508,834.743482175906
1.78360658420807,872.860718809856
0.577370739279396,852.300339004618
1.7571671647416,856.5430963738
1.58541123916875,839.102377598767
1.62854898170683,842.230352833111
0.722164303078855,843.412113762575
0.732872325192702,839.462361657044
2.48795500584082,842.444557853294
1.26023534324302,848.009727690456
2.1710013815668,837.962090961599
0.825118436040552,869.690880338182
0.435733549102072,827.974423213605
3.00054502338783,845.140501523784
3.52688471445225,825.913480027398
9.14996493004011,820.802526253404
2.56683231171698,865.834449309293
1.13764272767932,854.376739404513
1.23986224656954,863.839099274911
1.70249952453054,830.01629064139
0,0
0.823215160698287,846.162904113435
2.26008728112361,868.437255338568
9.83205960528677,844.720639971581
0.901037027664609,880.980724170267
2.2135023111858,870.431344999517
0.952400698146268,836.778257263347
2.42959986147234,850.3336119757
0.847875259725717,861.310575043885
0.826511660155607,821.815240747696
0,0
0,0
1.64218168210673,823.92739222967
3.40491550726983,826.058567119189
0.706045107563958,832.945681477861
0,0
0.33872718935849,841.327748573463
1.15323933782008,842.179390288688
0,0
0,0
1.75666732276567,823.338425076784
5.8869905666611,856.301073981694
0.597503337496829,846.019486276668
0.363440596710636,847.668820081077
0,0
10.0281553737196,842.791739681469
0.539307836002379,856.561136003369
1.96345765479943,863.901031562111
0.774418322400808,875.961346396339
0.838508401774728,855.481719795986
1.5128504397941,825.281378036786
1.20974437014071,833.414428839384
1.15437604503396,847.578835399542
1.06882506057428,856.935994469785
3.0800935833575,828.952016266553
1.16757506590183,834.313237960983
0.776360495400831,838.299854088622
1.17863788368445,862.172107740144
0.916471434178498,869.1887463129
0.950256983280386,812.151503257227
0.514509555393899,839.852198331042
2.53410975450116,840.846441922341
2.04447588300128,885.927940734809
2.05868822099199,826.633022020396
1.5624993980057,838.558684234631
1.93054298635908,853.405968273369
1.02989841720506,853.919853105686
0.489748382751259,848.79382068786
0,0
1.33040425464874,857.380125347494
0.697898477146847,860.768467954072
0.882181430368501,839.95569434462
0,0
1.0275145272136,861.319123923098
5.38014872701462,872.970570432197
1.14456752777875,793.033478878035
0.662290494686791,827.194490737386
1.38837583717564,857.787509458798
2.16795329401507,833.592104139295
1.00086851380742,863.022909538884
0.591526416883312,827.102678284325
0.958909634100604,856.956913722148
1.88956417892707,848.611638943293
0.407587304082748,858.460811484066
0.809802455016463,851.865759898138
0.294356084783364,843.650713085753
0,0
0.63343951301495,857.228363507247
2.09570795661056,842.623853303847
0,0
0.654539746476833,840.602820760054
1.4183675684065,839.377849378089
2.38100513645171,850.440881983768
0.50079027909856,878.82016877513
2.36434050475895,845.115148991782
0,0
0.972153688789186,847.560285479345
0.465630193673204,853.753827817825
0.637026758839403,839.27000999044
0,0
1.44304718589238,832.558965194524
0.391909204724274,847.413045244191
0.956063303537426,825.056296087999
1.29437031495217,869.081513612223
2.27358965619896,823.759096265965
2.99517377390452,823.624960859424
1.1314801009575,843.421265805216
2.88440815081852,813.410302063879
1.86902515171417,833.002695759768
2.5921847758276,827.628656905159
1.5206048134074,828.01182988344
0.502641595754536,834.554525209809
1.65797891383238,810.335025094937
0.357213012910402,856.138296790169
5.40409819962266,879.127001446858
0.800767798180308,839.395927033642
1.94039419254486,865.059144692481
2.32661420045494,825.462815420041
0,0
0.949578203444762,852.212621065131
0,0
1.0213722672528,847.752972330565
2.48011262141159,833.991090794697
1.22444886731158,842.22622978692
2.20561121297532,849.817125271359
2.41206860178417,840.603958910609
0.964148443449204,837.690971106039
2.54199904072147,862.534690515393
0,0
13.7523000220704,855.726801279234
0.292776402563729,832.335448500563
0.46640900819389,850.175349066479
2.44032814014772,852.07848143609
0.895364523660187,827.765841753106
0.55821830093285,841.826976171064
0.366914893348083,843.548734710946
2.68882503872256,847.918406670781
0.789499588071845,841.62938549081
3.83480751068958,852.19935411146
1.74833215210876,830.689200830096
3.90041205385152,813.943453245096
2.63299347072094,800.504206025028
0,0
0.779063091245773,873.169133681751
0.827290199804646,820.762229717227
0,0
1.75795028726608,821.857681443861
0.772896608004186,849.533881153741
0.458089362208445,845.189761313498
0.711848472333627,838.427734435237
7.05250199902301,869.171038788357
2.35405290467692,815.273723851969
0.863796951618753,829.101993484367
0.862831072701635,834.667296673807
0.778285582130674,833.046506975777
0.547367043099696,853.798065949231
0,0
3.15067452189794,841.49508546945
0.642358603651844,841.702646756807
2.18979047715378,812.163155034487
1.27275861067717,833.954529031965
0,0
1.8297108842048,870.950802388114
1.66853116499131,841.384735425084
3.22726850335131,870.247770293719
0.638128275641899,841.105620681214
1.7186912172526,803.255504459238
3.85855010328808,850.802558931503
0,0
0.875479869267002,828.30538691606
0.729854277924502,860.343278010662
0,0
3.77155270929604,820.141911386694
0.973290401485918,841.414745792753
2.30441746282304,852.26785568215
0.805701160685382,852.877780763126
0.391532578373662,856.27611604369
6.02090716892548,822.533738119412
1.35985124361043,853.280006098574
2.32860805880095,847.008432961216
1.99308634414887,849.469157008899
0.690525205415567,849.534149464367
0.334389781716986,823.333010479533
1.72554802398716,853.623326168135
0.704375298124399,818.611945633204
0.59656985742039,847.913264542932
1.14040202856463,862.442604268238
0,0
3.76754237378145,872.602280545031
1.05380655458653,843.192829704654
0.682284463483864,840.614731035971
0.9749585888414,871.258919392041
0.833268486513797,843.764464322604
0,0
0,0
0,0
1.53702395702723,848.108139111577
0.937394943875255,856.491762680274
0.612781137254927,851.125129914908
1.96327468976937,834.452436532704
1.57795343542055,854.45693175204
2.08142113986652,848.661984208977
0,0
8.78201805930861,845.682794283491
0.836697611898638,837.238170896659
0,0
1.21558320342899,834.379340687833
1.23417798443031,811.458047467216
0.325605753044292,851.217561020356
0.883209538575135,857.643295396172
0.326776918116876,871.999739808251
1.96155860764123,809.452343870494
2.82868496691733,848.198392718754
0.623462569920835,841.247279980638
1.33863596966123,867.632871550677
6.0791230166409,825.768557530802
2.66179592441687,827.035836791957
0.819961739792329,838.234445484168
2.04633124121441,864.344418276968
0,0
0.708507764673459,845.417241470128
1.05083584802528,848.804206947225
4.17179295708296,833.204885524039
0.549996504541462,853.767079955982
1.99581335627039,827.487186443064
2.32348156360938,839.373514948396
0.664819206182243,856.72421882393
1.54005367654935,839.855736590091
1.21386435762982,834.546429381037
1.38661624627678,855.10607377058
0,0
3.86760293474336,850.475681738655
1.59061660785457,853.609975578129
0.468439078876606,842.644875581665
0.929307822259355,855.264179638125
0.388294466794045,850.889114051464
1.14958737446638,836.914719465747
0.779853180075564,840.86388267152
0.729296176780743,811.874111839957
4.12599318976925,833.370092096144
0.763532600082659,830.272958150483
0.340147259390954,851.407198698426
0,0
0.965610633314607,840.98599406848
7.7629816473192,846.156060276381
0.39226527025965,874.108688533873
0.511298815249402,829.004015063378
0.456694476800893,831.27096926194
0.608505268936463,835.370749435788
9.03775045179517,827.576757037963
0,0
0,0
8.28772194351184,845.052024783842
1.56339031664178,834.441545611005
1.83818264221721,839.961542078506
0,0
2.80464123252421,847.287806240361
